"https://ss2.bdstatic.com/70cFvnSh_Q1YnxGkpoWK1HF6hhy/it/u=3035909387,295338417&fm=26&gp=0.jpg",Baidu
"https://ss3.bdstatic.com/70cFv8Sh_Q1YnxGkpoWK1HF6hhy/it/u=4031910051,2065931554&fm=26&gp=0.jpg",Baidu
"https://ss0.bdstatic.com/70cFuHSh_Q1YnxGkpoWK1HF6hhy/it/u=2537504365,4155640825&fm=26&gp=0.jpg",Baidu
"https://ss1.bdstatic.com/70cFuXSh_Q1YnxGkpoWK1HF6hhy/it/u=252295469,3980979936&fm=26&gp=0.jpg",Baidu
"https://ss0.bdstatic.com/70cFvHSh_Q1YnxGkpoWK1HF6hhy/it/u=2549856796,132054644&fm=26&gp=0.jpg",Baidu
"https://ss1.bdstatic.com/70cFvXSh_Q1YnxGkpoWK1HF6hhy/it/u=2392305371,2725572768&fm=26&gp=0.jpg",Baidu
"https://ss1.bdstatic.com/70cFuXSh_Q1YnxGkpoWK1HF6hhy/it/u=4161190108,1262990069&fm=26&gp=0.jpg",Baidu
"https://ss1.bdstatic.com/70cFuXSh_Q1YnxGkpoWK1HF6hhy/it/u=4253748253,1973505488&fm=26&gp=0.jpg",Baidu
"https://ss3.bdstatic.com/70cFv8Sh_Q1YnxGkpoWK1HF6hhy/it/u=3312504350,1952700857&fm=26&gp=0.jpg",Baidu
"https://ss3.bdstatic.com/70cFv8Sh_Q1YnxGkpoWK1HF6hhy/it/u=2794237104,358511733&fm=26&gp=0.jpg",Baidu
"https://ss1.bdstatic.com/70cFuXSh_Q1YnxGkpoWK1HF6hhy/it/u=836661290,2395972017&fm=26&gp=0.jpg",Baidu
"https://ss0.bdstatic.com/70cFuHSh_Q1YnxGkpoWK1HF6hhy/it/u=4150094398,2230452082&fm=26&gp=0.jpg",Baidu
"https://ss1.bdstatic.com/70cFvXSh_Q1YnxGkpoWK1HF6hhy/it/u=1517766999,3837717032&fm=26&gp=0.jpg",Baidu
"https://ss1.bdstatic.com/70cFvXSh_Q1YnxGkpoWK1HF6hhy/it/u=3934349419,515786698&fm=26&gp=0.jpg",Baidu
"https://ss2.bdstatic.com/70cFvnSh_Q1YnxGkpoWK1HF6hhy/it/u=2575674524,2260108294&fm=26&gp=0.jpg",Baidu
"https://ss1.bdstatic.com/70cFvXSh_Q1YnxGkpoWK1HF6hhy/it/u=1972754743,1892457540&fm=26&gp=0.jpg",Baidu
"https://ss0.bdstatic.com/70cFuHSh_Q1YnxGkpoWK1HF6hhy/it/u=1124452204,3799038256&fm=26&gp=0.jpg",Baidu
"https://ss2.bdstatic.com/70cFvnSh_Q1YnxGkpoWK1HF6hhy/it/u=1665813534,4232813568&fm=26&gp=0.jpg",Baidu
"https://ss1.bdstatic.com/70cFuXSh_Q1YnxGkpoWK1HF6hhy/it/u=4216333732,170275091&fm=26&gp=0.jpg",Baidu
"https://ss1.bdstatic.com/70cFvXSh_Q1YnxGkpoWK1HF6hhy/it/u=2549878169,639653450&fm=26&gp=0.jpg",Baidu
"https://ss1.bdstatic.com/70cFuXSh_Q1YnxGkpoWK1HF6hhy/it/u=525515211,3520630628&fm=26&gp=0.jpg",Baidu
"https://ss1.bdstatic.com/70cFvXSh_Q1YnxGkpoWK1HF6hhy/it/u=2143502962,2962013347&fm=26&gp=0.jpg",Baidu
"https://ss1.bdstatic.com/70cFuXSh_Q1YnxGkpoWK1HF6hhy/it/u=1314879397,561311902&fm=26&gp=0.jpg",Baidu
"https://ss0.bdstatic.com/70cFuHSh_Q1YnxGkpoWK1HF6hhy/it/u=1597429458,3617695496&fm=26&gp=0.jpg",Baidu
"https://ss1.bdstatic.com/70cFvXSh_Q1YnxGkpoWK1HF6hhy/it/u=2476284893,3654488292&fm=26&gp=0.jpg",Baidu
"https://ss0.bdstatic.com/70cFuHSh_Q1YnxGkpoWK1HF6hhy/it/u=791587805,2390912789&fm=11&gp=0.jpg",Baidu
"https://ss0.bdstatic.com/70cFvHSh_Q1YnxGkpoWK1HF6hhy/it/u=1764202848,2759233084&fm=26&gp=0.jpg",Baidu
"https://ss3.bdstatic.com/70cFv8Sh_Q1YnxGkpoWK1HF6hhy/it/u=2743063157,3618563864&fm=26&gp=0.jpg",Baidu
"https://ss2.bdstatic.com/70cFvnSh_Q1YnxGkpoWK1HF6hhy/it/u=1422961668,1462532858&fm=26&gp=0.jpg",Baidu
"https://ss1.bdstatic.com/70cFvXSh_Q1YnxGkpoWK1HF6hhy/it/u=953468095,1089774906&fm=26&gp=0.jpg",Baidu
"https://ss1.bdstatic.com/70cFvXSh_Q1YnxGkpoWK1HF6hhy/it/u=1968655034,1254841451&fm=26&gp=0.jpg",Baidu
"https://ss0.bdstatic.com/70cFuHSh_Q1YnxGkpoWK1HF6hhy/it/u=3411186778,359294406&fm=26&gp=0.jpg",Baidu
"https://ss3.bdstatic.com/70cFv8Sh_Q1YnxGkpoWK1HF6hhy/it/u=566054222,3594651931&fm=26&gp=0.jpg",Baidu
"https://ss2.bdstatic.com/70cFvnSh_Q1YnxGkpoWK1HF6hhy/it/u=556550262,271248044&fm=26&gp=0.jpg",Baidu
"https://ss2.bdstatic.com/70cFvnSh_Q1YnxGkpoWK1HF6hhy/it/u=2749944421,2425477211&fm=26&gp=0.jpg",Baidu
"https://ss1.bdstatic.com/70cFvXSh_Q1YnxGkpoWK1HF6hhy/it/u=3800434183,2564268832&fm=11&gp=0.jpg",Baidu
"https://ss1.bdstatic.com/70cFuXSh_Q1YnxGkpoWK1HF6hhy/it/u=1875153813,3802539372&fm=26&gp=0.jpg",Baidu
"https://ss2.bdstatic.com/70cFvnSh_Q1YnxGkpoWK1HF6hhy/it/u=1912071587,4002687049&fm=26&gp=0.jpg",Baidu
"https://ss0.bdstatic.com/70cFvHSh_Q1YnxGkpoWK1HF6hhy/it/u=1836292810,1251488324&fm=26&gp=0.jpg",Baidu
"https://ss2.bdstatic.com/70cFvnSh_Q1YnxGkpoWK1HF6hhy/it/u=269690810,1911247260&fm=26&gp=0.jpg",Baidu
"https://ss3.bdstatic.com/70cFv8Sh_Q1YnxGkpoWK1HF6hhy/it/u=1614691024,3861902487&fm=26&gp=0.jpg",Baidu
"https://ss0.bdstatic.com/70cFvHSh_Q1YnxGkpoWK1HF6hhy/it/u=4246628546,4090497908&fm=26&gp=0.jpg",Baidu
"https://ss0.bdstatic.com/70cFvHSh_Q1YnxGkpoWK1HF6hhy/it/u=4025298092,3115442132&fm=11&gp=0.jpg",Baidu
"https://ss0.bdstatic.com/70cFuHSh_Q1YnxGkpoWK1HF6hhy/it/u=2950164424,779737728&fm=26&gp=0.jpg",Baidu
"https://ss1.bdstatic.com/70cFvXSh_Q1YnxGkpoWK1HF6hhy/it/u=1401263985,575140636&fm=26&gp=0.jpg",Baidu
"https://ss2.bdstatic.com/70cFvnSh_Q1YnxGkpoWK1HF6hhy/it/u=2264752141,708535351&fm=26&gp=0.jpg",Baidu
"https://ss0.bdstatic.com/70cFuHSh_Q1YnxGkpoWK1HF6hhy/it/u=993333125,982915343&fm=26&gp=0.jpg",Baidu
"https://ss1.bdstatic.com/70cFvXSh_Q1YnxGkpoWK1HF6hhy/it/u=2835212128,3569275081&fm=11&gp=0.jpg",Baidu
"https://ss1.bdstatic.com/70cFvXSh_Q1YnxGkpoWK1HF6hhy/it/u=3116369016,929230855&fm=11&gp=0.jpg",Baidu
"https://ss3.bdstatic.com/70cFv8Sh_Q1YnxGkpoWK1HF6hhy/it/u=3467061120,2669995399&fm=26&gp=0.jpg",Baidu
"https://ss0.bdstatic.com/70cFvHSh_Q1YnxGkpoWK1HF6hhy/it/u=2719132010,224090788&fm=26&gp=0.jpg",Baidu
"https://ss3.bdstatic.com/70cFv8Sh_Q1YnxGkpoWK1HF6hhy/it/u=19933171,4184020388&fm=26&gp=0.jpg",Baidu
"https://ss2.bdstatic.com/70cFvnSh_Q1YnxGkpoWK1HF6hhy/it/u=2687599185,1886865369&fm=26&gp=0.jpg",Baidu
"https://ss0.bdstatic.com/70cFvHSh_Q1YnxGkpoWK1HF6hhy/it/u=2483046244,3404568642&fm=26&gp=0.jpg",Baidu
"https://ss3.bdstatic.com/70cFv8Sh_Q1YnxGkpoWK1HF6hhy/it/u=1531693153,1004822300&fm=26&gp=0.jpg",Baidu
"https://ss3.bdstatic.com/70cFv8Sh_Q1YnxGkpoWK1HF6hhy/it/u=2559240043,2298194472&fm=26&gp=0.jpg",Baidu
"https://ss1.bdstatic.com/70cFuXSh_Q1YnxGkpoWK1HF6hhy/it/u=1494961172,93331731&fm=26&gp=0.jpg",Baidu
"https://ss1.bdstatic.com/70cFvXSh_Q1YnxGkpoWK1HF6hhy/it/u=377912662,4233764539&fm=26&gp=0.jpg",Baidu
"https://ss0.bdstatic.com/70cFuHSh_Q1YnxGkpoWK1HF6hhy/it/u=3989433113,1976581557&fm=26&gp=0.jpg",Baidu
"https://ss2.bdstatic.com/70cFvnSh_Q1YnxGkpoWK1HF6hhy/it/u=2559188975,3426603235&fm=11&gp=0.jpg",Baidu
"https://ss1.bdstatic.com/70cFvXSh_Q1YnxGkpoWK1HF6hhy/it/u=3381377070,3648595397&fm=26&gp=0.jpg",Baidu
"https://ss3.bdstatic.com/70cFv8Sh_Q1YnxGkpoWK1HF6hhy/it/u=3293080878,266817369&fm=26&gp=0.jpg",Baidu
"https://ss1.bdstatic.com/70cFvXSh_Q1YnxGkpoWK1HF6hhy/it/u=1945560710,83931887&fm=26&gp=0.jpg",Baidu
"https://ss1.bdstatic.com/70cFvXSh_Q1YnxGkpoWK1HF6hhy/it/u=4275470977,62596978&fm=26&gp=0.jpg",Baidu
"https://ss0.bdstatic.com/70cFvHSh_Q1YnxGkpoWK1HF6hhy/it/u=451127004,1628993628&fm=11&gp=0.jpg",Baidu
"https://ss2.bdstatic.com/70cFvnSh_Q1YnxGkpoWK1HF6hhy/it/u=2712166587,1749993489&fm=26&gp=0.jpg",Baidu
"https://ss1.bdstatic.com/70cFuXSh_Q1YnxGkpoWK1HF6hhy/it/u=2163691669,1820949886&fm=26&gp=0.jpg",Baidu
"https://ss0.bdstatic.com/70cFvHSh_Q1YnxGkpoWK1HF6hhy/it/u=4245686196,2025840856&fm=26&gp=0.jpg",Baidu
"https://ss3.bdstatic.com/70cFv8Sh_Q1YnxGkpoWK1HF6hhy/it/u=2138681160,1913680731&fm=26&gp=0.jpg",Baidu
"https://ss2.bdstatic.com/70cFvnSh_Q1YnxGkpoWK1HF6hhy/it/u=57786334,4148506612&fm=11&gp=0.jpg",Baidu
"https://ss1.bdstatic.com/70cFvXSh_Q1YnxGkpoWK1HF6hhy/it/u=1043998550,2510858153&fm=11&gp=0.jpg",Baidu
"https://ss3.bdstatic.com/70cFv8Sh_Q1YnxGkpoWK1HF6hhy/it/u=628341096,327941553&fm=26&gp=0.jpg",Baidu
"https://ss1.bdstatic.com/70cFuXSh_Q1YnxGkpoWK1HF6hhy/it/u=873612538,2179025119&fm=11&gp=0.jpg",Baidu
"https://ss1.bdstatic.com/70cFvXSh_Q1YnxGkpoWK1HF6hhy/it/u=1348172975,3574796352&fm=11&gp=0.jpg",Baidu
"https://ss3.bdstatic.com/70cFv8Sh_Q1YnxGkpoWK1HF6hhy/it/u=1485855188,1655459359&fm=11&gp=0.jpg",Baidu
"https://ss1.bdstatic.com/70cFvXSh_Q1YnxGkpoWK1HF6hhy/it/u=3439529059,1659285736&fm=26&gp=0.jpg",Baidu
"https://ss1.bdstatic.com/70cFvXSh_Q1YnxGkpoWK1HF6hhy/it/u=112848586,2810323701&fm=26&gp=0.jpg",Baidu
"https://ss2.bdstatic.com/70cFvnSh_Q1YnxGkpoWK1HF6hhy/it/u=3936913837,1797621887&fm=26&gp=0.jpg",Baidu
"https://ss3.bdstatic.com/70cFv8Sh_Q1YnxGkpoWK1HF6hhy/it/u=867733788,467039343&fm=26&gp=0.jpg",Baidu
"https://ss0.bdstatic.com/70cFuHSh_Q1YnxGkpoWK1HF6hhy/it/u=4113315467,520853553&fm=11&gp=0.jpg",Baidu
"https://ss0.bdstatic.com/70cFuHSh_Q1YnxGkpoWK1HF6hhy/it/u=1156823302,306095664&fm=11&gp=0.jpg",Baidu
"https://ss2.bdstatic.com/70cFvnSh_Q1YnxGkpoWK1HF6hhy/it/u=2982276827,2832067291&fm=26&gp=0.jpg",Baidu
"https://ss0.bdstatic.com/70cFvHSh_Q1YnxGkpoWK1HF6hhy/it/u=564919487,3873057455&fm=26&gp=0.jpg",Baidu
"https://ss1.bdstatic.com/70cFvXSh_Q1YnxGkpoWK1HF6hhy/it/u=1576162873,2245869720&fm=26&gp=0.jpg",Baidu
"https://ss0.bdstatic.com/70cFuHSh_Q1YnxGkpoWK1HF6hhy/it/u=1017868281,860072095&fm=26&gp=0.jpg",Baidu
"https://ss1.bdstatic.com/70cFuXSh_Q1YnxGkpoWK1HF6hhy/it/u=1843204048,3343986713&fm=26&gp=0.jpg",Baidu
"https://ss2.bdstatic.com/70cFvnSh_Q1YnxGkpoWK1HF6hhy/it/u=703817896,1769009776&fm=26&gp=0.jpg",Baidu
"https://ss1.bdstatic.com/70cFvXSh_Q1YnxGkpoWK1HF6hhy/it/u=2821290135,2667380852&fm=26&gp=0.jpg",Baidu
"https://ss3.bdstatic.com/70cFv8Sh_Q1YnxGkpoWK1HF6hhy/it/u=289175505,722640498&fm=26&gp=0.jpg",Baidu
"https://ss2.bdstatic.com/70cFvnSh_Q1YnxGkpoWK1HF6hhy/it/u=582353441,1132600035&fm=26&gp=0.jpg",Baidu
"https://ss2.bdstatic.com/70cFvnSh_Q1YnxGkpoWK1HF6hhy/it/u=582353441,1132600035&fm=26&gp=0.jpg",Baidu
"https://ss1.bdstatic.com/70cFuXSh_Q1YnxGkpoWK1HF6hhy/it/u=493300475,2139620592&fm=26&gp=0.jpg",Baidu
"https://ss2.bdstatic.com/70cFvnSh_Q1YnxGkpoWK1HF6hhy/it/u=3213831937,2095624055&fm=26&gp=0.jpg",Baidu
"https://ss2.bdstatic.com/70cFvnSh_Q1YnxGkpoWK1HF6hhy/it/u=2702589235,3366867953&fm=26&gp=0.jpg",Baidu
"https://ss3.bdstatic.com/70cFv8Sh_Q1YnxGkpoWK1HF6hhy/it/u=2214900888,2471306521&fm=26&gp=0.jpg",Baidu
"https://ss2.bdstatic.com/70cFvnSh_Q1YnxGkpoWK1HF6hhy/it/u=777234666,476074244&fm=26&gp=0.jpg",Baidu
"https://ss1.bdstatic.com/70cFvXSh_Q1YnxGkpoWK1HF6hhy/it/u=2792538531,2839502102&fm=26&gp=0.jpg",Baidu
"https://ss0.bdstatic.com/70cFvHSh_Q1YnxGkpoWK1HF6hhy/it/u=1304701562,3582792494&fm=26&gp=0.jpg",Baidu
"https://ss3.bdstatic.com/70cFv8Sh_Q1YnxGkpoWK1HF6hhy/it/u=1812083800,1179014033&fm=26&gp=0.jpg",Baidu
"https://ss0.bdstatic.com/70cFuHSh_Q1YnxGkpoWK1HF6hhy/it/u=3415390391,4244231247&fm=26&gp=0.jpg",Baidu
"https://ss0.bdstatic.com/70cFvHSh_Q1YnxGkpoWK1HF6hhy/it/u=820356350,487051024&fm=26&gp=0.jpg",Baidu
"https://ss3.bdstatic.com/70cFv8Sh_Q1YnxGkpoWK1HF6hhy/it/u=3917335533,2965281808&fm=26&gp=0.jpg",Baidu
"https://ss0.bdstatic.com/70cFvHSh_Q1YnxGkpoWK1HF6hhy/it/u=378681286,2391295334&fm=26&gp=0.jpg",Baidu
"https://ss2.bdstatic.com/70cFvnSh_Q1YnxGkpoWK1HF6hhy/it/u=2055210941,4076202385&fm=26&gp=0.jpg",Baidu
"https://ss0.bdstatic.com/70cFuHSh_Q1YnxGkpoWK1HF6hhy/it/u=1625307922,3875918092&fm=26&gp=0.jpg",Baidu
"https://ss1.bdstatic.com/70cFvXSh_Q1YnxGkpoWK1HF6hhy/it/u=3342956927,4013511912&fm=26&gp=0.jpg",Baidu
"https://ss0.bdstatic.com/70cFuHSh_Q1YnxGkpoWK1HF6hhy/it/u=3197984625,3014008451&fm=26&gp=0.jpg",Baidu
"https://ss0.bdstatic.com/70cFuHSh_Q1YnxGkpoWK1HF6hhy/it/u=3539122068,2475675626&fm=26&gp=0.jpg",Baidu
"https://ss0.bdstatic.com/70cFvHSh_Q1YnxGkpoWK1HF6hhy/it/u=7004993,4168214341&fm=26&gp=0.jpg",Baidu
"https://ss0.bdstatic.com/70cFvHSh_Q1YnxGkpoWK1HF6hhy/it/u=3800837972,1485011132&fm=26&gp=0.jpg",Baidu
"https://ss0.bdstatic.com/70cFuHSh_Q1YnxGkpoWK1HF6hhy/it/u=3438297189,841334611&fm=26&gp=0.jpg",Baidu
"https://ss0.bdstatic.com/70cFuHSh_Q1YnxGkpoWK1HF6hhy/it/u=1009167914,241822550&fm=11&gp=0.jpg",Baidu
"https://ss2.bdstatic.com/70cFvnSh_Q1YnxGkpoWK1HF6hhy/it/u=1155735783,3089900639&fm=26&gp=0.jpg",Baidu
"https://ss1.bdstatic.com/70cFvXSh_Q1YnxGkpoWK1HF6hhy/it/u=3337285170,309041809&fm=26&gp=0.jpg",Baidu
"https://ss0.bdstatic.com/70cFvHSh_Q1YnxGkpoWK1HF6hhy/it/u=2465297004,1781253762&fm=26&gp=0.jpg",Baidu
"https://ss3.bdstatic.com/70cFv8Sh_Q1YnxGkpoWK1HF6hhy/it/u=1637206256,118691293&fm=26&gp=0.jpg",Baidu
"https://ss0.bdstatic.com/70cFuHSh_Q1YnxGkpoWK1HF6hhy/it/u=1687177334,681547778&fm=26&gp=0.jpg",Baidu
"https://ss3.bdstatic.com/70cFv8Sh_Q1YnxGkpoWK1HF6hhy/it/u=2330903327,1939893814&fm=26&gp=0.jpg",Baidu
"https://ss1.bdstatic.com/70cFuXSh_Q1YnxGkpoWK1HF6hhy/it/u=2073580991,1927372482&fm=11&gp=0.jpg",Baidu
"https://ss1.bdstatic.com/70cFuXSh_Q1YnxGkpoWK1HF6hhy/it/u=525819865,1115286262&fm=11&gp=0.jpg",Baidu
"https://ss1.bdstatic.com/70cFuXSh_Q1YnxGkpoWK1HF6hhy/it/u=2817937729,3819436358&fm=26&gp=0.jpg",Baidu
"https://ss1.bdstatic.com/70cFuXSh_Q1YnxGkpoWK1HF6hhy/it/u=525819865,1115286262&fm=11&gp=0.jpg",Baidu
"https://ss0.bdstatic.com/70cFuHSh_Q1YnxGkpoWK1HF6hhy/it/u=1009167914,241822550&fm=11&gp=0.jpg",Baidu
"https://ss2.bdstatic.com/70cFvnSh_Q1YnxGkpoWK1HF6hhy/it/u=853597117,2671120723&fm=11&gp=0.jpg",Baidu
"https://ss3.bdstatic.com/70cFv8Sh_Q1YnxGkpoWK1HF6hhy/it/u=998119333,458824202&fm=26&gp=0.jpg",Baidu
"https://ss1.bdstatic.com/70cFvXSh_Q1YnxGkpoWK1HF6hhy/it/u=734109520,1546284021&fm=11&gp=0.jpg",Baidu
"https://ss3.bdstatic.com/70cFv8Sh_Q1YnxGkpoWK1HF6hhy/it/u=3610130748,1547195539&fm=26&gp=0.jpg",Baidu
"https://ss0.bdstatic.com/70cFuHSh_Q1YnxGkpoWK1HF6hhy/it/u=1588869289,231016509&fm=11&gp=0.jpg",Baidu
"https://ss3.bdstatic.com/70cFv8Sh_Q1YnxGkpoWK1HF6hhy/it/u=3332506,3207943745&fm=26&gp=0.jpg",Baidu
"https://ss1.bdstatic.com/70cFvXSh_Q1YnxGkpoWK1HF6hhy/it/u=3459970600,2052947575&fm=26&gp=0.jpg",Baidu
"https://ss2.bdstatic.com/70cFvnSh_Q1YnxGkpoWK1HF6hhy/it/u=2500641531,3670940661&fm=26&gp=0.jpg",Baidu
"https://ss2.bdstatic.com/70cFvnSh_Q1YnxGkpoWK1HF6hhy/it/u=2407100938,156012652&fm=26&gp=0.jpg",Baidu
"https://ss2.bdstatic.com/70cFvnSh_Q1YnxGkpoWK1HF6hhy/it/u=709208749,2792018431&fm=11&gp=0.jpg",Baidu
"https://ss3.bdstatic.com/70cFv8Sh_Q1YnxGkpoWK1HF6hhy/it/u=3750721846,2306638461&fm=26&gp=0.jpg",Baidu
"https://ss0.bdstatic.com/70cFvHSh_Q1YnxGkpoWK1HF6hhy/it/u=4053385304,4164184202&fm=26&gp=0.jpg",Baidu
"https://ss3.bdstatic.com/70cFv8Sh_Q1YnxGkpoWK1HF6hhy/it/u=1215858189,3605595562&fm=26&gp=0.jpg",Baidu
"https://ss1.bdstatic.com/70cFuXSh_Q1YnxGkpoWK1HF6hhy/it/u=2377758857,2698359940&fm=26&gp=0.jpg",Baidu
"https://ss0.bdstatic.com/70cFuHSh_Q1YnxGkpoWK1HF6hhy/it/u=887881264,743176272&fm=26&gp=0.jpg",Baidu
"https://ss1.bdstatic.com/70cFvXSh_Q1YnxGkpoWK1HF6hhy/it/u=2728148625,4064132798&fm=26&gp=0.jpg",Baidu
"https://ss2.bdstatic.com/70cFvnSh_Q1YnxGkpoWK1HF6hhy/it/u=1707022353,113374199&fm=26&gp=0.jpg",Baidu
"https://ss0.bdstatic.com/70cFuHSh_Q1YnxGkpoWK1HF6hhy/it/u=199580519,2064943403&fm=26&gp=0.jpg",Baidu
"https://ss1.bdstatic.com/70cFvXSh_Q1YnxGkpoWK1HF6hhy/it/u=2978300432,2122220373&fm=26&gp=0.jpg",Baidu
"https://ss3.bdstatic.com/70cFv8Sh_Q1YnxGkpoWK1HF6hhy/it/u=2700568475,1210983196&fm=26&gp=0.jpg",Baidu
"https://ss3.bdstatic.com/70cFv8Sh_Q1YnxGkpoWK1HF6hhy/it/u=904505076,3759201943&fm=26&gp=0.jpg",Baidu
"https://ss1.bdstatic.com/70cFvXSh_Q1YnxGkpoWK1HF6hhy/it/u=999578248,1151602671&fm=26&gp=0.jpg",Baidu
"https://ss2.bdstatic.com/70cFvnSh_Q1YnxGkpoWK1HF6hhy/it/u=1451689273,4211556191&fm=26&gp=0.jpg",Baidu
"https://ss1.bdstatic.com/70cFuXSh_Q1YnxGkpoWK1HF6hhy/it/u=2430071159,2153267056&fm=26&gp=0.jpg",Baidu
"https://ss1.bdstatic.com/70cFvXSh_Q1YnxGkpoWK1HF6hhy/it/u=2219263900,1399050243&fm=26&gp=0.jpg",Baidu
"https://ss3.bdstatic.com/70cFv8Sh_Q1YnxGkpoWK1HF6hhy/it/u=3867951422,1340870663&fm=26&gp=0.jpg",Baidu
"https://ss3.bdstatic.com/70cFv8Sh_Q1YnxGkpoWK1HF6hhy/it/u=417880135,2511359288&fm=26&gp=0.jpg",Baidu
"https://ss0.bdstatic.com/70cFuHSh_Q1YnxGkpoWK1HF6hhy/it/u=1450327253,395318999&fm=26&gp=0.jpg",Baidu
"https://ss3.bdstatic.com/70cFv8Sh_Q1YnxGkpoWK1HF6hhy/it/u=675329971,1275599576&fm=26&gp=0.jpg",Baidu
"https://ss1.bdstatic.com/70cFvXSh_Q1YnxGkpoWK1HF6hhy/it/u=2113216354,1626039057&fm=26&gp=0.jpg",Baidu
"https://ss1.bdstatic.com/70cFvXSh_Q1YnxGkpoWK1HF6hhy/it/u=1538634151,814690944&fm=26&gp=0.jpg",Baidu
"https://ss1.bdstatic.com/70cFuXSh_Q1YnxGkpoWK1HF6hhy/it/u=1064321149,192285178&fm=26&gp=0.jpg",Baidu
"https://ss1.bdstatic.com/70cFuXSh_Q1YnxGkpoWK1HF6hhy/it/u=31275140,4027527987&fm=26&gp=0.jpg",Baidu
"https://ss1.bdstatic.com/70cFvXSh_Q1YnxGkpoWK1HF6hhy/it/u=1544712184,4122228841&fm=26&gp=0.jpg",Baidu
"https://ss0.bdstatic.com/70cFvHSh_Q1YnxGkpoWK1HF6hhy/it/u=2488286002,612683072&fm=26&gp=0.jpg",Baidu
"https://ss0.bdstatic.com/70cFvHSh_Q1YnxGkpoWK1HF6hhy/it/u=1742388382,3554783616&fm=26&gp=0.jpg",Baidu
"https://ss1.bdstatic.com/70cFvXSh_Q1YnxGkpoWK1HF6hhy/it/u=1616077703,2805613662&fm=26&gp=0.jpg",Baidu
"https://ss0.bdstatic.com/70cFuHSh_Q1YnxGkpoWK1HF6hhy/it/u=170623902,490869100&fm=26&gp=0.jpg",Baidu
"https://ss0.bdstatic.com/70cFuHSh_Q1YnxGkpoWK1HF6hhy/it/u=35048575,2581153317&fm=26&gp=0.jpg",Baidu
"https://ss1.bdstatic.com/70cFvXSh_Q1YnxGkpoWK1HF6hhy/it/u=4206177070,3421167235&fm=26&gp=0.jpg",Baidu
"https://ss2.bdstatic.com/70cFvnSh_Q1YnxGkpoWK1HF6hhy/it/u=2813047503,3876750255&fm=26&gp=0.jpg",Baidu
"https://ss0.bdstatic.com/70cFuHSh_Q1YnxGkpoWK1HF6hhy/it/u=3910933851,3106997177&fm=26&gp=0.jpg",Baidu
"https://ss1.bdstatic.com/70cFuXSh_Q1YnxGkpoWK1HF6hhy/it/u=3124637651,1554203896&fm=26&gp=0.jpg",Baidu
"https://ss0.bdstatic.com/70cFuHSh_Q1YnxGkpoWK1HF6hhy/it/u=2165233574,237737696&fm=26&gp=0.jpg",Baidu
"https://ss0.bdstatic.com/70cFvHSh_Q1YnxGkpoWK1HF6hhy/it/u=3396614638,3176903160&fm=26&gp=0.jpg",Baidu
"https://ss2.bdstatic.com/70cFvnSh_Q1YnxGkpoWK1HF6hhy/it/u=1637607276,3365764158&fm=26&gp=0.jpg",Baidu
"https://ss1.bdstatic.com/70cFuXSh_Q1YnxGkpoWK1HF6hhy/it/u=1859316637,2709848930&fm=26&gp=0.jpg",Baidu
"https://ss1.bdstatic.com/70cFvXSh_Q1YnxGkpoWK1HF6hhy/it/u=3392839667,1112829222&fm=26&gp=0.jpg",Baidu
"https://ss1.bdstatic.com/70cFuXSh_Q1YnxGkpoWK1HF6hhy/it/u=2634370340,2034594313&fm=26&gp=0.jpg",Baidu
"https://ss1.bdstatic.com/70cFuXSh_Q1YnxGkpoWK1HF6hhy/it/u=1839408260,2384439183&fm=26&gp=0.jpg",Baidu
"https://ss0.bdstatic.com/70cFvHSh_Q1YnxGkpoWK1HF6hhy/it/u=1138945321,4086856659&fm=26&gp=0.jpg",Baidu
"https://ss2.bdstatic.com/70cFvnSh_Q1YnxGkpoWK1HF6hhy/it/u=2273743684,3881914928&fm=11&gp=0.jpg",Baidu
"https://ss2.bdstatic.com/70cFvnSh_Q1YnxGkpoWK1HF6hhy/it/u=3253075619,1621911163&fm=26&gp=0.jpg",Baidu
"https://ss1.bdstatic.com/70cFvXSh_Q1YnxGkpoWK1HF6hhy/it/u=1819645955,188554574&fm=26&gp=0.jpg",Baidu
"https://ss0.bdstatic.com/70cFuHSh_Q1YnxGkpoWK1HF6hhy/it/u=1015460807,3413242905&fm=26&gp=0.jpg",Baidu
"https://ss0.bdstatic.com/70cFvHSh_Q1YnxGkpoWK1HF6hhy/it/u=1061168173,3427810929&fm=26&gp=0.jpg",Baidu
"https://ss0.bdstatic.com/70cFuHSh_Q1YnxGkpoWK1HF6hhy/it/u=66560736,3126138538&fm=26&gp=0.jpg",Baidu
http://a2.att.hudong.com/28/85/01200000195354136323855340142_s.jpg,Google
http://www.haonongzi.com/pic/news/20160512135642303.jpg,Google
http://a3.att.hudong.com/10/34/01200000023788136449345510332_s.jpg,Google
http://p3.pstatp.com/large/615c0000eb03b37b5f2d,Google
http://uploads.5068.com/allimg/1801/170-1P111150234.jpg,Google
http://img3.chinadaily.com.cn/images/201811/20/5bf370f8a3101a87b1dcde8d.jpeg,Google
http://www.haonongzi.com/pic/news/20170401104819898.jpg,Google
http://www.1nongjing.com/uploads/allimg/160815/1158-160Q51G35S39.jpg,Google
http://img5.ph.126.net/sQ0q70PNzggqGg9LAiIYqw==/2653464605468789155.jpg,Google
http://www.agropages.com/UserFiles/FckFiles/20111109/2011-11-09-11-13-21-5895.jpg,Google
http://pigimg.zhongso.com/space/gallery214/%E5%86%9C%E4%B8%9A%E6%8A%80%E6%9C%AF/previews-med/2165384-%E5%B0%8F%E9%BA%A6%E7%99%BD%E7%B2%89%E7%97%85%E5%AD%95%E7%A9%97%E6%9C%9F%E5%8F%91%E7%94%9F%E4%B8%BA%E5%AE%B3%E6%83%85%E5%86%B5.jpg,Google
http://123.57.191.69:8006/b/data/files/store_5/goods_144/4_1103.jpg,Google
http://www.chinabaike.com/uploads/allimg/151217/2156313E0-1.jpg,Google
http://www.cgris.net/disease/02%EF%BC%8D%E9%BA%A6%E7%B1%BB/images/0172%20%E5%A4%A7%E9%BA%A6%E7%99%BD%E7%B2%89%E7%97%85%E4%B8%BA%E5%AE%B3%E7%8A%B6.jpg,Google
http://image.sciencenet.cn/album/201205/11/113248xih199p8s495fi91.jpg,Google
http://www.nonglinzhongzhi.com/uploads/allimg/20170507/154z5yla1se1h58.jpg,Google
https://amuseum.cdstm.cn/AMuseum/agricul/image/7_5_14_yumybb1.jpg,Google
http://www.1988.tv/Upload_Map/2016nian/2/29/2016-02-29-09-31-37.jpg,Google
http://www.qnong.com.cn/uploadfile/2016/0807/20160807062121848.jpg,Google
http://www.chinabaike.com/uploads/allimg/151008/210U15L3-0.jpg,Google
http://www.3456.tv/images/2011nian/10/2015-10-10-09-31-04.jpg,Google
http://inews.gtimg.com/newsapp_match/0/3521441208/0,Google
http://bcch.ahnw.gov.cn/UploadFiles/ls-xmb-01/5.JPG,Google
http://att.191.cn/attachment/Mon_1605/63_140670_23cc9e0e9120484.jpg,Google
https://p1.ssl.cdn.btime.com/t019b61256ab9766113.jpg?size=500x300,Google
https://www.zhifure.com/upload/2015/5/2215172694.jpg,Google
http://www.chinabaike.com/uploads/allimg/151127/20054Ca1-0.png,Google
https://pic1.zhimg.com/80/v2-11e4fbf7c1c291f5b36322494aa9e0e4_hd.jpg,Google
https://inews.gtimg.com/newsapp_bt/0/6640852316/1000,Google
http://www.chinabaike.com/uploads/allimg/151108/0SQ2F00-0.jpg,Google
http://www.haonongzi.com/pic/news/20160119162304366.jpg,Google
http://app.nongguanjia.com/static/course/2015/1011/14445541451773.jpg,Google
http://a1.att.hudong.com/33/59/01300001024098146120591238364_s.jpg,Google
http://cache1.bioon.com/webeditor/uploadfile/201811/20181104155651784.png,Google
http://www.gszlw.net/Content/upload/image/admin/%E9%BB%98%E8%AE%A4%E7%9B%B8%E5%86%8C/20170505/20170505085112_3490.jpg,Google
http://img.18yangzhi.com/uploadfile/p/2017/12/wSjLqb.png_big.png,Google
https://pic.duorouhuapu.com/2018/0319/2014-06-30-10-55-50.jpg,Google
http://www.lead88.com/UploadFiles/FCK/2014-08/6354336924816042369103053.jpg,Google
http://www.1988.tv/Upload_Map/2014nian/6/18/2014-06-18-09-16-15.jpg,Google
http://www.chinabaike.com/uploads/allimg/151217/21563140S-0.jpg,Google
http://www.lvbaobiaoben.com/Uploads/5674d1111f5a2.jpg,Google
https://s3.ap-southeast-1.amazonaws.com/origin-images.lohas.news/content-farm/2018/12/08/53587/15442373405284.jpg,Google
http://www.zt5.com/uploadfile/2018/1030/20181030101643109.jpg,Google
http://d.ifengimg.com/w600/e0.ifengimg.com/08/2018/1207/EDAEE9F0173CD3DB4AA69C7ADCDA30725D1344FA_size49_w640_h448.jpeg,Google
http://mmbiz.qpic.cn/mmbiz/CiaKnRHy0lGYUNialOhPm5Ocw6dlwLDYbr0582qnMTUNUMIB99Gh2UvXK5licPcNHo8kCXFKAmTVa6MU53RUezttQ/0?wx_fmt=jpeg,Google
http://p3.pstatp.com/large/7bce0001d6d5699e950f,Google
http://www.com-gov.com/uploadfile/2018/1101/20181101062201858.jpg,Google
https://www.guoshu123.cn/file/upload/201802/12/110902631.jpg,Google
http://image.sciencenet.cn/album/201205/11/113214mxf2ju4tu08pz77f.jpg,Google
http://123.57.191.69:8006/b/data/files/store_5/goods_144/4_1106.jpg,Google
http://www.qgny.net/upload/image/20180115/20180115102548_22906.jpg,Google
http://www.3456.tv/images/2011nian/10/2016-04-09-10-06-53.jpg,Google
http://www.haonongzi.com/pic/news/20181108102634495.jpg,Google
http://www.1nongjing.com/uploads/allimg/171107/1876-1G10G11302313.jpg,Google
http://5b0988e595225.cdn.sohucs.com/images/20180828/8a3c2e48a1814af5a56d1d9551a38f47.jpeg,Google
http://att.191.cn/attachment/Mon_1605/63_140670_13e81c5aeb76a0e.jpg,Google
http://image.inb123.com/image/bh/%E5%9B%BE1-3%20%E5%B0%8F%E9%BA%A6%E7%99%BD%E7%B2%89%E7%97%85%E7%81%8C%E6%B5%86%E6%9C%9F%E7%94%B0%E9%97%B4%E5%8F%91%E7%94%9F%E4%B8%BA%E5%AE%B3%E6%83%85%E5%86%B5.jpg,Google
http://mmbiz.qpic.cn/mmbiz/pP25hTTggsibzIic6qanaC044CG0jQFjVQiarVjO3VUaNTHaQ5QFat1qepHVwxich54kRqt6GOMcl7tXjCeDpABqLA/0?wx_fmt=jpeg,Google
https://www.guoshu123.cn/file/upload/201802/12/110908281.jpg,Google
http://www.fafu.edu.cn/_upload/article/images/e7/b6/8e03fe0e4b73bc5c199fa57d948b/6423951c-8733-40ec-96b2-a2cb008dc58f.jpg,Google
https://himg.china.cn/2/4_744_234950_800_559.jpg,Google
http://www.3456.tv/images/2011nian/10/2013-11-16-10-28-42.jpg,Google
http://img.mp.itc.cn/upload/20170417/dfdd20f362c84a67842fcc53b2303b3d_th.jpeg,Google
http://nfy.sicau.edu.cn/uploadfile/2018/0306/20180306034147644.jpg,Google
https://cbu01.alicdn.com/img/ibank/2018/817/347/8805743718_1052983645.220x220.jpg,Google
http://p1.pstatp.com/large/615d00001d596bb5cf0e,Google
http://www.tuziyangzhi.com/upFiles/infoImg/coll/20170107/OT20170107130256320.jpg,Google
http://inews.gtimg.com/newsapp_match/0/3521441221/0,Google
http://p3.pstatp.com/large/pgc-image/1527732330973ea614b6643,Google
https://img011.hc360.cn/k1/M05/88/52/wKhQw1i3eZKEVCp4AAAAAMOEjP4539.jpg..400x400.jpg,Google
http://www.haonongzi.com/pic/news/20161012095114640.jpg,Google
http://www.1988.tv/Upload_Map/2016nian/5/20/2016-05-20-09-43-35.jpg,Google
http://123.57.191.69:8006/b/data/files/store_5/goods_144/4_1105.jpg,Google
http://cnki55.sris.com.tw/CRFDPIC/R201109223/R201109223.004.14[3d062313e1e1].jpg,Google
http://inews.gtimg.com/newsapp_match/0/2483451978/0,Google
https://slidesplayer.com/slide/11257643/61/images/68/%E7%B2%89%E7%8A%B6%E7%89%A9+%E6%9C%88%E5%AD%A3%E7%99%BD%E7%B2%89%E7%97%85+%E5%B0%8F%E9%BA%A6%E7%99%BD%E7%B2%89%E7%97%85.jpg,Google
http://img5.iqilu.com/vmsimgs/videothumb/201505/26/806270528_1CC644A4BF72428281102336EB5C98CA.jpg,Google
http://www.xxqjjx.com/Uploads/59cf62d52af10.jpg,Google
http://www.chinabaike.com/uploads/allimg/151008/210U144Z-1.jpg,Google
http://www.hf.cas.cn/xwzx1/cgzl/201811/W020181121353906625803.jpg,Google
http://img8.iqilu.com/vmsimgs/2016/04/11/806536116_14F719931744487dACF3F7DAC1519B71.jpg,Google
http://img.18yangzhi.com/uploadfile/p/2018/01/ThOxka.png_big.png,Google
https://img13.360buyimg.com/n1/jfs/t23536/317/1411257799/260048/a6ab2c94/5b608195N5b00235d.jpg,Google
http://www.fafu.edu.cn/_upload/article/images/e7/b6/8e03fe0e4b73bc5c199fa57d948b/c2356d72-1156-4699-95fa-147cc3b8c33d.jpg,Google
http://n.sinaimg.cn/sinacn17/357/w1181h776/20180427/aabd-fztkpip3364935.jpg,Google
https://himg.china.cn/2/4_506_1048923_610_800.jpg,Google
http://p1.qhimgs4.com/t012b20cafadeab3e0f.jpg,Google
http://www.xhnjtg.com.cn/uploadfile/image/20160426/20160426121626882688_ZYCH.jpg,Google
https://img.ydaobo.com/gzhimg.php?https://mmbiz.qpic.cn/mmbiz_jpg/7NYLfTZGQcicGgbNrCgF73OAjgng8aYTvKZnFGLD92qWDwM9y37uPKE4NA4QiaQgxn0twfurUwMp7sicUyp2bfwpQ/640?wx_fmt=jpeg,Google
http://gongjushu.oversea.cnki.net/CRFDPIC/r200904004/r200904004.1249.cbd85d.jpg,Google
http://pre.ih5.cn/files/235833/17036/be21aa_640_1040.jpg,Google
https://img2.utuku.china.com/650x0/henan/20181017/f209d6fe-caab-40c9-b3c7-cf7e9f92271c.jpg,Google
http://www.3456.tv/images/2011nian/10/2015-05-07-09-39-54.jpg,Google
http://www.ahjcg.cn/uploadfile/2018/1030/20181030043659604.jpg,Google
http://jingpinke.hnyjj.org.cn/jpk2009/xjf/mytu/xmbh/bf/images/%E5%B0%8F%E9%BA%A6%E7%99%BD%E7%B2%89%E7%97%85%E7%97%85%E7%8A%B61_jpg.jpg,Google
http://i.fjsen.com/images/attachement/jpg/site2/20180109/0c84dc0012031bbe577758.jpg,Google
http://muchongimg.xmcimg.com/oss2/img/2018/0107/w98h1183978_1515294118_710.png,Google
https://i1.mrttw.com/img/20181030/2nm2w5r6xf.jpg,Google
https://img12.360buyimg.com/n1/jfs/t6100/77/2739743063/133643/54e57934/5946164eN714d2edc.jpg,Google
http://www.114nz.com/all_images/tuku/201004/201004091302477586_y.jpg,Google
