"https://ss1.bdstatic.com/70cFuXSh_Q1YnxGkpoWK1HF6hhy/it/u=4159275891,3584000574&fm=26&gp=0.jpg",Baidu
"https://ss0.bdstatic.com/70cFuHSh_Q1YnxGkpoWK1HF6hhy/it/u=1687177334,681547778&fm=26&gp=0.jpg",Baidu
"https://ss1.bdstatic.com/70cFvXSh_Q1YnxGkpoWK1HF6hhy/it/u=3611029626,231090397&fm=26&gp=0.jpg",Baidu
"https://ss0.bdstatic.com/70cFvHSh_Q1YnxGkpoWK1HF6hhy/it/u=3855367679,2420216975&fm=26&gp=0.jpg",Baidu
"https://ss2.bdstatic.com/70cFvnSh_Q1YnxGkpoWK1HF6hhy/it/u=3504895257,259222319&fm=26&gp=0.jpg",Baidu
"https://ss2.bdstatic.com/70cFvnSh_Q1YnxGkpoWK1HF6hhy/it/u=2987983206,1623148152&fm=26&gp=0.jpg",Baidu
"https://ss1.bdstatic.com/70cFvXSh_Q1YnxGkpoWK1HF6hhy/it/u=2476284893,3654488292&fm=26&gp=0.jpg",Baidu
"https://ss0.bdstatic.com/70cFuHSh_Q1YnxGkpoWK1HF6hhy/it/u=4022306933,1941574401&fm=26&gp=0.jpg",Baidu
"https://ss0.bdstatic.com/70cFvHSh_Q1YnxGkpoWK1HF6hhy/it/u=869204525,1523467207&fm=26&gp=0.jpg",Baidu
"https://ss3.bdstatic.com/70cFv8Sh_Q1YnxGkpoWK1HF6hhy/it/u=2425406170,253238093&fm=26&gp=0.jpg",Baidu
"https://ss2.bdstatic.com/70cFvnSh_Q1YnxGkpoWK1HF6hhy/it/u=1701932437,2017282219&fm=26&gp=0.jpg",Baidu
"https://ss2.bdstatic.com/70cFvnSh_Q1YnxGkpoWK1HF6hhy/it/u=599012941,2908417621&fm=11&gp=0.jpg",Baidu
"https://ss0.bdstatic.com/70cFvHSh_Q1YnxGkpoWK1HF6hhy/it/u=3353417350,3368676246&fm=26&gp=0.jpg",Baidu
"https://ss1.bdstatic.com/70cFvXSh_Q1YnxGkpoWK1HF6hhy/it/u=2067037556,1565593667&fm=26&gp=0.jpg",Baidu
"https://ss0.bdstatic.com/70cFuHSh_Q1YnxGkpoWK1HF6hhy/it/u=3675749458,852194554&fm=26&gp=0.jpg",Baidu
"https://ss3.bdstatic.com/70cFv8Sh_Q1YnxGkpoWK1HF6hhy/it/u=793909217,3522618920&fm=11&gp=0.jpg",Baidu
"https://ss1.bdstatic.com/70cFuXSh_Q1YnxGkpoWK1HF6hhy/it/u=2176008252,28085297&fm=11&gp=0.jpg",Baidu
"https://ss0.bdstatic.com/70cFuHSh_Q1YnxGkpoWK1HF6hhy/it/u=2645702061,213731047&fm=26&gp=0.jpg",Baidu
"https://ss0.bdstatic.com/70cFuHSh_Q1YnxGkpoWK1HF6hhy/it/u=4198952778,1190518022&fm=26&gp=0.jpg",Baidu
"https://ss1.bdstatic.com/70cFuXSh_Q1YnxGkpoWK1HF6hhy/it/u=4130823577,369589748&fm=26&gp=0.jpg",Baidu
"https://ss1.bdstatic.com/70cFuXSh_Q1YnxGkpoWK1HF6hhy/it/u=14048512,3940545745&fm=26&gp=0.jpg",Baidu
"https://ss0.bdstatic.com/70cFvHSh_Q1YnxGkpoWK1HF6hhy/it/u=3612014909,3790181339&fm=26&gp=0.jpg",Baidu
"https://ss3.bdstatic.com/70cFv8Sh_Q1YnxGkpoWK1HF6hhy/it/u=2565214152,2367538147&fm=26&gp=0.jpg",Baidu
"https://ss2.bdstatic.com/70cFvnSh_Q1YnxGkpoWK1HF6hhy/it/u=970699476,1824895346&fm=11&gp=0.jpg",Baidu
"https://ss2.bdstatic.com/70cFvnSh_Q1YnxGkpoWK1HF6hhy/it/u=3239716551,2250175377&fm=26&gp=0.jpg",Baidu
"https://ss0.bdstatic.com/70cFvHSh_Q1YnxGkpoWK1HF6hhy/it/u=2704750147,1170063131&fm=26&gp=0.jpg",Baidu
"https://ss1.bdstatic.com/70cFuXSh_Q1YnxGkpoWK1HF6hhy/it/u=4036689732,4229603727&fm=11&gp=0.jpg",Baidu
"https://ss0.bdstatic.com/70cFvHSh_Q1YnxGkpoWK1HF6hhy/it/u=1410237329,1434043411&fm=26&gp=0.jpg",Baidu
"https://ss1.bdstatic.com/70cFvXSh_Q1YnxGkpoWK1HF6hhy/it/u=443339052,868552465&fm=26&gp=0.jpg",Baidu
"https://ss3.bdstatic.com/70cFv8Sh_Q1YnxGkpoWK1HF6hhy/it/u=946065615,2715643224&fm=11&gp=0.jpg",Baidu
"https://ss1.bdstatic.com/70cFvXSh_Q1YnxGkpoWK1HF6hhy/it/u=2697890145,4267825886&fm=26&gp=0.jpg",Baidu
"https://ss1.bdstatic.com/70cFvXSh_Q1YnxGkpoWK1HF6hhy/it/u=443339052,868552465&fm=26&gp=0.jpg",Baidu
"https://ss0.bdstatic.com/70cFvHSh_Q1YnxGkpoWK1HF6hhy/it/u=1540908823,1639801487&fm=11&gp=0.jpg",Baidu
"https://ss1.bdstatic.com/70cFuXSh_Q1YnxGkpoWK1HF6hhy/it/u=2176008252,28085297&fm=11&gp=0.jpg",Baidu
"https://ss2.bdstatic.com/70cFvnSh_Q1YnxGkpoWK1HF6hhy/it/u=3085021316,993917832&fm=26&gp=0.jpg",Baidu
"https://ss0.bdstatic.com/70cFuHSh_Q1YnxGkpoWK1HF6hhy/it/u=3240274139,3805595901&fm=11&gp=0.jpg",Baidu
"https://ss0.bdstatic.com/70cFuHSh_Q1YnxGkpoWK1HF6hhy/it/u=1342228480,2607396618&fm=26&gp=0.jpg",Baidu
"https://ss0.bdstatic.com/70cFvHSh_Q1YnxGkpoWK1HF6hhy/it/u=2101277507,2299783607&fm=26&gp=0.jpg",Baidu
"https://ss3.bdstatic.com/70cFv8Sh_Q1YnxGkpoWK1HF6hhy/it/u=1730085266,1366378369&fm=26&gp=0.jpg",Baidu
"https://ss1.bdstatic.com/70cFuXSh_Q1YnxGkpoWK1HF6hhy/it/u=4070262094,3948596411&fm=26&gp=0.jpg",Baidu
"https://ss3.bdstatic.com/70cFv8Sh_Q1YnxGkpoWK1HF6hhy/it/u=1799550019,3375914718&fm=26&gp=0.jpg",Baidu
"https://ss1.bdstatic.com/70cFuXSh_Q1YnxGkpoWK1HF6hhy/it/u=609913705,637854832&fm=26&gp=0.jpg",Baidu
"https://ss2.bdstatic.com/70cFvnSh_Q1YnxGkpoWK1HF6hhy/it/u=767890806,2029738328&fm=26&gp=0.jpg",Baidu
"https://ss1.bdstatic.com/70cFvXSh_Q1YnxGkpoWK1HF6hhy/it/u=3349391373,2418939524&fm=26&gp=0.jpg",Baidu
"https://ss1.bdstatic.com/70cFuXSh_Q1YnxGkpoWK1HF6hhy/it/u=1875153813,3802539372&fm=26&gp=0.jpg",Baidu
"https://ss3.bdstatic.com/70cFv8Sh_Q1YnxGkpoWK1HF6hhy/it/u=565838245,3466987898&fm=11&gp=0.jpg",Baidu
"https://ss1.bdstatic.com/70cFuXSh_Q1YnxGkpoWK1HF6hhy/it/u=1113089415,2208796508&fm=26&gp=0.jpg",Baidu
"https://ss1.bdstatic.com/70cFvXSh_Q1YnxGkpoWK1HF6hhy/it/u=2740755089,1861279674&fm=11&gp=0.jpg",Baidu
"https://ss2.bdstatic.com/70cFvnSh_Q1YnxGkpoWK1HF6hhy/it/u=308567497,624731839&fm=26&gp=0.jpg",Baidu
"https://ss1.bdstatic.com/70cFvXSh_Q1YnxGkpoWK1HF6hhy/it/u=1888293394,3104677549&fm=26&gp=0.jpg",Baidu
"https://ss2.bdstatic.com/70cFvnSh_Q1YnxGkpoWK1HF6hhy/it/u=2026537728,2401467306&fm=26&gp=0.jpg",Baidu
"https://ss0.bdstatic.com/70cFuHSh_Q1YnxGkpoWK1HF6hhy/it/u=1636290299,1342045055&fm=26&gp=0.jpg",Baidu
"https://ss2.bdstatic.com/70cFvnSh_Q1YnxGkpoWK1HF6hhy/it/u=2687599185,1886865369&fm=26&gp=0.jpg",Baidu
"https://ss1.bdstatic.com/70cFuXSh_Q1YnxGkpoWK1HF6hhy/it/u=210311778,2347054829&fm=26&gp=0.jpg",Baidu
"https://ss1.bdstatic.com/70cFuXSh_Q1YnxGkpoWK1HF6hhy/it/u=1306504743,3394787472&fm=11&gp=0.jpg",Baidu
"https://ss0.bdstatic.com/70cFuHSh_Q1YnxGkpoWK1HF6hhy/it/u=887881264,743176272&fm=26&gp=0.jpg",Baidu
"https://ss1.bdstatic.com/70cFvXSh_Q1YnxGkpoWK1HF6hhy/it/u=3269941421,19883720&fm=26&gp=0.jpg",Baidu
"https://ss2.bdstatic.com/70cFvnSh_Q1YnxGkpoWK1HF6hhy/it/u=2993912208,2173845384&fm=11&gp=0.jpg",Baidu
"https://ss0.bdstatic.com/70cFvHSh_Q1YnxGkpoWK1HF6hhy/it/u=1515961462,3772184&fm=26&gp=0.jpg",Baidu
"https://ss0.bdstatic.com/70cFuHSh_Q1YnxGkpoWK1HF6hhy/it/u=1337898022,1107545496&fm=11&gp=0.jpg",Baidu
"https://ss0.bdstatic.com/70cFvHSh_Q1YnxGkpoWK1HF6hhy/it/u=1641654222,1027166094&fm=26&gp=0.jpg",Baidu
"https://ss1.bdstatic.com/70cFvXSh_Q1YnxGkpoWK1HF6hhy/it/u=786502365,1570531966&fm=26&gp=0.jpg",Baidu
"https://ss0.bdstatic.com/70cFuHSh_Q1YnxGkpoWK1HF6hhy/it/u=3196067241,3882539147&fm=11&gp=0.jpg",Baidu
"https://ss0.bdstatic.com/70cFuHSh_Q1YnxGkpoWK1HF6hhy/it/u=2505101947,609862509&fm=11&gp=0.jpg",Baidu
"https://ss0.bdstatic.com/70cFuHSh_Q1YnxGkpoWK1HF6hhy/it/u=406235620,3172125096&fm=11&gp=0.jpg",Baidu
"https://ss0.bdstatic.com/70cFuHSh_Q1YnxGkpoWK1HF6hhy/it/u=2938413448,887207460&fm=26&gp=0.jpg",Baidu
"https://ss0.bdstatic.com/70cFuHSh_Q1YnxGkpoWK1HF6hhy/it/u=4275949509,856223369&fm=26&gp=0.jpg",Baidu
"https://ss0.bdstatic.com/70cFvHSh_Q1YnxGkpoWK1HF6hhy/it/u=2713883649,2471569075&fm=26&gp=0.jpg",Baidu
"https://ss2.bdstatic.com/70cFvnSh_Q1YnxGkpoWK1HF6hhy/it/u=4127312790,3442508820&fm=26&gp=0.jpg",Baidu
"https://ss2.bdstatic.com/70cFvnSh_Q1YnxGkpoWK1HF6hhy/it/u=4053705406,790337882&fm=26&gp=0.jpg",Baidu
"https://ss1.bdstatic.com/70cFuXSh_Q1YnxGkpoWK1HF6hhy/it/u=2538595171,695891164&fm=26&gp=0.jpg",Baidu
"https://ss3.bdstatic.com/70cFv8Sh_Q1YnxGkpoWK1HF6hhy/it/u=3008644711,4107074796&fm=26&gp=0.jpg",Baidu
"https://ss1.bdstatic.com/70cFuXSh_Q1YnxGkpoWK1HF6hhy/it/u=2571082808,2256818041&fm=11&gp=0.jpg",Baidu
"https://ss0.bdstatic.com/70cFvHSh_Q1YnxGkpoWK1HF6hhy/it/u=100174303,4205355075&fm=11&gp=0.jpg",Baidu
"https://ss0.bdstatic.com/70cFvHSh_Q1YnxGkpoWK1HF6hhy/it/u=1399556701,1719611177&fm=11&gp=0.jpg",Baidu
"https://ss1.bdstatic.com/70cFvXSh_Q1YnxGkpoWK1HF6hhy/it/u=3009226187,1275169166&fm=11&gp=0.jpg",Baidu
"https://ss1.bdstatic.com/70cFuXSh_Q1YnxGkpoWK1HF6hhy/it/u=1124450430,265218293&fm=26&gp=0.jpg",Baidu
"https://ss0.bdstatic.com/70cFvHSh_Q1YnxGkpoWK1HF6hhy/it/u=922009269,3135977943&fm=26&gp=0.jpg",Baidu
"https://ss0.bdstatic.com/70cFvHSh_Q1YnxGkpoWK1HF6hhy/it/u=3199705874,3004664624&fm=11&gp=0.jpg",Baidu
"https://ss1.bdstatic.com/70cFvXSh_Q1YnxGkpoWK1HF6hhy/it/u=3895655315,3844256094&fm=26&gp=0.jpg",Baidu
"https://ss0.bdstatic.com/70cFuHSh_Q1YnxGkpoWK1HF6hhy/it/u=728990,617914946&fm=11&gp=0.jpg",Baidu
"https://ss2.bdstatic.com/70cFvnSh_Q1YnxGkpoWK1HF6hhy/it/u=3726144614,3240241654&fm=26&gp=0.jpg",Baidu
"https://ss1.bdstatic.com/70cFvXSh_Q1YnxGkpoWK1HF6hhy/it/u=2269858433,4253567724&fm=26&gp=0.jpg",Baidu
"https://ss2.bdstatic.com/70cFvnSh_Q1YnxGkpoWK1HF6hhy/it/u=2565679323,685949243&fm=11&gp=0.jpg",Baidu
"https://ss0.bdstatic.com/70cFuHSh_Q1YnxGkpoWK1HF6hhy/it/u=1489774365,405117673&fm=11&gp=0.jpg",Baidu
"https://ss0.bdstatic.com/70cFuHSh_Q1YnxGkpoWK1HF6hhy/it/u=423566745,728047693&fm=26&gp=0.jpg",Baidu
"https://ss1.bdstatic.com/70cFvXSh_Q1YnxGkpoWK1HF6hhy/it/u=397061345,2124161126&fm=11&gp=0.jpg",Baidu
"https://ss0.bdstatic.com/70cFuHSh_Q1YnxGkpoWK1HF6hhy/it/u=42791355,2413654693&fm=26&gp=0.jpg",Baidu
"https://ss0.bdstatic.com/70cFuHSh_Q1YnxGkpoWK1HF6hhy/it/u=2573348982,1580870134&fm=11&gp=0.jpg",Baidu
"https://ss1.bdstatic.com/70cFuXSh_Q1YnxGkpoWK1HF6hhy/it/u=4109843784,1769399871&fm=26&gp=0.jpg",Baidu
"https://ss2.bdstatic.com/70cFvnSh_Q1YnxGkpoWK1HF6hhy/it/u=98263423,3693837667&fm=26&gp=0.jpg",Baidu
"https://ss0.bdstatic.com/70cFvHSh_Q1YnxGkpoWK1HF6hhy/it/u=4028887367,3254847293&fm=11&gp=0.jpg",Baidu
"https://ss0.bdstatic.com/70cFvHSh_Q1YnxGkpoWK1HF6hhy/it/u=3797789359,4060943253&fm=26&gp=0.jpg",Baidu
"https://ss3.bdstatic.com/70cFv8Sh_Q1YnxGkpoWK1HF6hhy/it/u=536900400,3313603143&fm=26&gp=0.jpg",Baidu
"https://ss0.bdstatic.com/70cFuHSh_Q1YnxGkpoWK1HF6hhy/it/u=2245447473,2481090125&fm=11&gp=0.jpg",Baidu
"https://ss3.bdstatic.com/70cFv8Sh_Q1YnxGkpoWK1HF6hhy/it/u=1661597883,4152196480&fm=26&gp=0.jpg",Baidu
"https://ss0.bdstatic.com/70cFuHSh_Q1YnxGkpoWK1HF6hhy/it/u=556458192,1401872812&fm=26&gp=0.jpg",Baidu
"https://ss1.bdstatic.com/70cFuXSh_Q1YnxGkpoWK1HF6hhy/it/u=1554765533,2469274566&fm=11&gp=0.jpg",Baidu
"https://ss1.bdstatic.com/70cFuXSh_Q1YnxGkpoWK1HF6hhy/it/u=1082764525,1774277200&fm=11&gp=0.jpg",Baidu
"https://ss1.bdstatic.com/70cFvXSh_Q1YnxGkpoWK1HF6hhy/it/u=1502942720,4242404757&fm=11&gp=0.jpg",Baidu
"https://ss1.bdstatic.com/70cFuXSh_Q1YnxGkpoWK1HF6hhy/it/u=3291745337,2800116778&fm=11&gp=0.jpg",Baidu
"https://ss0.bdstatic.com/70cFvHSh_Q1YnxGkpoWK1HF6hhy/it/u=1081537097,122779543&fm=26&gp=0.jpg",Baidu
"https://ss0.bdstatic.com/70cFvHSh_Q1YnxGkpoWK1HF6hhy/it/u=2442980408,3840450272&fm=26&gp=0.jpg",Baidu
"https://ss0.bdstatic.com/70cFvHSh_Q1YnxGkpoWK1HF6hhy/it/u=357290841,1488805041&fm=11&gp=0.jpg",Baidu
"https://ss2.bdstatic.com/70cFvnSh_Q1YnxGkpoWK1HF6hhy/it/u=1001200876,2959911214&fm=11&gp=0.jpg",Baidu
"https://ss2.bdstatic.com/70cFvnSh_Q1YnxGkpoWK1HF6hhy/it/u=151519904,2821958340&fm=26&gp=0.jpg",Baidu
"https://ss3.bdstatic.com/70cFv8Sh_Q1YnxGkpoWK1HF6hhy/it/u=935231700,3245628429&fm=26&gp=0.jpg",Baidu
"https://ss0.bdstatic.com/70cFuHSh_Q1YnxGkpoWK1HF6hhy/it/u=3064407749,275901233&fm=26&gp=0.jpg",Baidu
"https://ss1.bdstatic.com/70cFuXSh_Q1YnxGkpoWK1HF6hhy/it/u=4049588267,4058345332&fm=26&gp=0.jpg",Baidu
"https://ss1.bdstatic.com/70cFuXSh_Q1YnxGkpoWK1HF6hhy/it/u=3672613641,78065132&fm=11&gp=0.jpg",Baidu
"https://ss3.bdstatic.com/70cFv8Sh_Q1YnxGkpoWK1HF6hhy/it/u=4289350885,3263733972&fm=26&gp=0.jpg",Baidu
"https://ss3.bdstatic.com/70cFv8Sh_Q1YnxGkpoWK1HF6hhy/it/u=3602211838,3960052893&fm=11&gp=0.jpg",Baidu
"https://ss2.bdstatic.com/70cFvnSh_Q1YnxGkpoWK1HF6hhy/it/u=2629870512,309165944&fm=26&gp=0.jpg",Baidu
"https://ss2.bdstatic.com/70cFvnSh_Q1YnxGkpoWK1HF6hhy/it/u=3341934467,3977288245&fm=26&gp=0.jpg",Baidu
"https://ss0.bdstatic.com/70cFvHSh_Q1YnxGkpoWK1HF6hhy/it/u=2894272347,2475372301&fm=26&gp=0.jpg",Baidu
"https://ss1.bdstatic.com/70cFuXSh_Q1YnxGkpoWK1HF6hhy/it/u=1517637396,1752975359&fm=26&gp=0.jpg",Baidu
"https://ss1.bdstatic.com/70cFuXSh_Q1YnxGkpoWK1HF6hhy/it/u=3280474617,3426414744&fm=26&gp=0.jpg",Baidu
"https://ss0.bdstatic.com/70cFvHSh_Q1YnxGkpoWK1HF6hhy/it/u=1907910971,2165950999&fm=11&gp=0.jpg",Baidu
"https://ss1.bdstatic.com/70cFvXSh_Q1YnxGkpoWK1HF6hhy/it/u=1792041047,826481528&fm=11&gp=0.jpg",Baidu
"https://ss2.bdstatic.com/70cFvnSh_Q1YnxGkpoWK1HF6hhy/it/u=4091989351,684177581&fm=11&gp=0.jpg",Baidu
"https://ss1.bdstatic.com/70cFvXSh_Q1YnxGkpoWK1HF6hhy/it/u=1792041047,826481528&fm=11&gp=0.jpg",Baidu
"https://ss2.bdstatic.com/70cFvnSh_Q1YnxGkpoWK1HF6hhy/it/u=4091989351,684177581&fm=11&gp=0.jpg",Baidu
"https://ss3.bdstatic.com/70cFv8Sh_Q1YnxGkpoWK1HF6hhy/it/u=3053768798,4148780537&fm=11&gp=0.jpg",Baidu
"https://ss1.bdstatic.com/70cFvXSh_Q1YnxGkpoWK1HF6hhy/it/u=219401211,526554328&fm=26&gp=0.jpg",Baidu
"https://ss1.bdstatic.com/70cFuXSh_Q1YnxGkpoWK1HF6hhy/it/u=3730811604,2904429603&fm=26&gp=0.jpg",Baidu
"https://ss2.bdstatic.com/70cFvnSh_Q1YnxGkpoWK1HF6hhy/it/u=1351521143,112242669&fm=26&gp=0.jpg",Baidu
"https://ss0.bdstatic.com/70cFvHSh_Q1YnxGkpoWK1HF6hhy/it/u=470417902,3243515948&fm=26&gp=0.jpg",Baidu
"https://ss0.bdstatic.com/70cFuHSh_Q1YnxGkpoWK1HF6hhy/it/u=987442460,2220272054&fm=26&gp=0.jpg",Baidu
"https://ss2.bdstatic.com/70cFvnSh_Q1YnxGkpoWK1HF6hhy/it/u=2813047503,3876750255&fm=26&gp=0.jpg",Baidu
"https://ss3.bdstatic.com/70cFv8Sh_Q1YnxGkpoWK1HF6hhy/it/u=1294243169,4108668128&fm=26&gp=0.jpg",Baidu
"https://ss2.bdstatic.com/70cFvnSh_Q1YnxGkpoWK1HF6hhy/it/u=3122623664,83392008&fm=26&gp=0.jpg",Baidu
"https://ss2.bdstatic.com/70cFvnSh_Q1YnxGkpoWK1HF6hhy/it/u=2008954856,3642864496&fm=11&gp=0.jpg",Baidu
"https://ss0.bdstatic.com/70cFuHSh_Q1YnxGkpoWK1HF6hhy/it/u=496222054,3305778558&fm=26&gp=0.jpg",Baidu
"https://ss2.bdstatic.com/70cFvnSh_Q1YnxGkpoWK1HF6hhy/it/u=207333741,1370683535&fm=26&gp=0.jpg",Baidu
"https://ss1.bdstatic.com/70cFuXSh_Q1YnxGkpoWK1HF6hhy/it/u=4143679000,1399555913&fm=26&gp=0.jpg",Baidu
"https://ss0.bdstatic.com/70cFvHSh_Q1YnxGkpoWK1HF6hhy/it/u=809849442,3410367810&fm=26&gp=0.jpg",Baidu
"https://ss0.bdstatic.com/70cFvHSh_Q1YnxGkpoWK1HF6hhy/it/u=2111917925,3638885933&fm=26&gp=0.jpg",Baidu
"https://ss0.bdstatic.com/70cFvHSh_Q1YnxGkpoWK1HF6hhy/it/u=339956231,1673111887&fm=26&gp=0.jpg",Baidu
"https://ss0.bdstatic.com/70cFuHSh_Q1YnxGkpoWK1HF6hhy/it/u=3603663952,3525629668&fm=26&gp=0.jpg",Baidu
"https://ss3.bdstatic.com/70cFv8Sh_Q1YnxGkpoWK1HF6hhy/it/u=1772282949,3605499436&fm=26&gp=0.jpg",Baidu
"https://ss3.bdstatic.com/70cFv8Sh_Q1YnxGkpoWK1HF6hhy/it/u=32839634,3006795979&fm=26&gp=0.jpg",Baidu
"https://ss2.bdstatic.com/70cFvnSh_Q1YnxGkpoWK1HF6hhy/it/u=2688090796,6347776&fm=26&gp=0.jpg",Baidu
"https://ss2.bdstatic.com/70cFvnSh_Q1YnxGkpoWK1HF6hhy/it/u=3113627978,3916189552&fm=26&gp=0.jpg",Baidu
"https://ss3.bdstatic.com/70cFv8Sh_Q1YnxGkpoWK1HF6hhy/it/u=1834264498,1060908683&fm=26&gp=0.jpg",Baidu
"https://ss0.bdstatic.com/70cFuHSh_Q1YnxGkpoWK1HF6hhy/it/u=54577374,412757740&fm=26&gp=0.jpg",Baidu
"https://ss0.bdstatic.com/70cFuHSh_Q1YnxGkpoWK1HF6hhy/it/u=812815390,2380958604&fm=26&gp=0.jpg",Baidu
"https://ss2.bdstatic.com/70cFvnSh_Q1YnxGkpoWK1HF6hhy/it/u=3381961788,1568741814&fm=26&gp=0.jpg",Baidu
"https://ss0.bdstatic.com/70cFuHSh_Q1YnxGkpoWK1HF6hhy/it/u=2461949585,3825261129&fm=26&gp=0.jpg",Baidu
"https://ss1.bdstatic.com/70cFvXSh_Q1YnxGkpoWK1HF6hhy/it/u=3115797711,2116574804&fm=26&gp=0.jpg",Baidu
"https://ss1.bdstatic.com/70cFuXSh_Q1YnxGkpoWK1HF6hhy/it/u=3829064609,1791557188&fm=26&gp=0.jpg",Baidu
"https://ss1.bdstatic.com/70cFuXSh_Q1YnxGkpoWK1HF6hhy/it/u=3829064609,1791557188&fm=26&gp=0.jpg",Baidu
"https://ss0.bdstatic.com/70cFuHSh_Q1YnxGkpoWK1HF6hhy/it/u=812815390,2380958604&fm=26&gp=0.jpg",Baidu
"https://ss2.bdstatic.com/70cFvnSh_Q1YnxGkpoWK1HF6hhy/it/u=2008954856,3642864496&fm=11&gp=0.jpg",Baidu
"https://ss2.bdstatic.com/70cFvnSh_Q1YnxGkpoWK1HF6hhy/it/u=4183704761,1741598473&fm=26&gp=0.jpg",Baidu
"https://ss0.bdstatic.com/70cFvHSh_Q1YnxGkpoWK1HF6hhy/it/u=840676404,1629701238&fm=26&gp=0.jpg",Baidu
"https://ss2.bdstatic.com/70cFvnSh_Q1YnxGkpoWK1HF6hhy/it/u=3314040856,1379674568&fm=26&gp=0.jpg",Baidu
"https://ss1.bdstatic.com/70cFuXSh_Q1YnxGkpoWK1HF6hhy/it/u=360871060,1070025673&fm=26&gp=0.jpg",Baidu
"https://ss3.bdstatic.com/70cFv8Sh_Q1YnxGkpoWK1HF6hhy/it/u=260134085,769462432&fm=26&gp=0.jpg",Baidu
"https://ss1.bdstatic.com/70cFvXSh_Q1YnxGkpoWK1HF6hhy/it/u=96488854,2360853441&fm=26&gp=0.jpg",Baidu
"https://ss1.bdstatic.com/70cFuXSh_Q1YnxGkpoWK1HF6hhy/it/u=3149564077,1989224240&fm=26&gp=0.jpg",Baidu
"https://ss0.bdstatic.com/70cFvHSh_Q1YnxGkpoWK1HF6hhy/it/u=1934003823,2482493923&fm=26&gp=0.jpg",Baidu
"https://ss3.bdstatic.com/70cFv8Sh_Q1YnxGkpoWK1HF6hhy/it/u=1772326512,2791689673&fm=26&gp=0.jpg",Baidu
"https://ss2.bdstatic.com/70cFvnSh_Q1YnxGkpoWK1HF6hhy/it/u=3690400587,3971299719&fm=26&gp=0.jpg",Baidu
"https://ss1.bdstatic.com/70cFvXSh_Q1YnxGkpoWK1HF6hhy/it/u=764512540,1556208147&fm=26&gp=0.jpg",Baidu
"https://ss1.bdstatic.com/70cFvXSh_Q1YnxGkpoWK1HF6hhy/it/u=3450736970,355512977&fm=26&gp=0.jpg",Baidu
"https://ss1.bdstatic.com/70cFuXSh_Q1YnxGkpoWK1HF6hhy/it/u=2851560122,2673009331&fm=26&gp=0.jpg",Baidu
"https://ss1.bdstatic.com/70cFvXSh_Q1YnxGkpoWK1HF6hhy/it/u=177980749,1646426280&fm=11&gp=0.jpg",Baidu
"https://ss0.bdstatic.com/70cFuHSh_Q1YnxGkpoWK1HF6hhy/it/u=1552804089,3266606597&fm=26&gp=0.jpg",Baidu
"https://ss1.bdstatic.com/70cFuXSh_Q1YnxGkpoWK1HF6hhy/it/u=3121386467,4153374304&fm=26&gp=0.jpg",Baidu
"https://ss2.bdstatic.com/70cFvnSh_Q1YnxGkpoWK1HF6hhy/it/u=2349499812,3357320682&fm=26&gp=0.jpg",Baidu
"https://ss1.bdstatic.com/70cFvXSh_Q1YnxGkpoWK1HF6hhy/it/u=2451306908,661715969&fm=26&gp=0.jpg",Baidu
"https://ss2.bdstatic.com/70cFvnSh_Q1YnxGkpoWK1HF6hhy/it/u=3632918597,2284421545&fm=26&gp=0.jpg",Baidu
"https://ss2.bdstatic.com/70cFvnSh_Q1YnxGkpoWK1HF6hhy/it/u=2639069734,2791538702&fm=26&gp=0.jpg",Baidu
"https://ss1.bdstatic.com/70cFuXSh_Q1YnxGkpoWK1HF6hhy/it/u=1517637396,1752975359&fm=26&gp=0.jpg",Baidu
"https://ss0.bdstatic.com/70cFvHSh_Q1YnxGkpoWK1HF6hhy/it/u=2576177608,3030844176&fm=26&gp=0.jpg",Baidu
"https://ss0.bdstatic.com/70cFvHSh_Q1YnxGkpoWK1HF6hhy/it/u=607026774,835004616&fm=26&gp=0.jpg",Baidu
"https://ss2.bdstatic.com/70cFvnSh_Q1YnxGkpoWK1HF6hhy/it/u=2205051407,363281829&fm=26&gp=0.jpg",Baidu
"https://ss3.bdstatic.com/70cFv8Sh_Q1YnxGkpoWK1HF6hhy/it/u=315560798,4082075837&fm=26&gp=0.jpg",Baidu
"https://ss0.bdstatic.com/70cFvHSh_Q1YnxGkpoWK1HF6hhy/it/u=2101277507,2299783607&fm=26&gp=0.jpg",Baidu
"https://ss3.bdstatic.com/70cFv8Sh_Q1YnxGkpoWK1HF6hhy/it/u=3172785444,321437541&fm=26&gp=0.jpg",Baidu
http://www.haonongzi.com/pic/news/20170321164528493.jpg,Google
http://a1.att.hudong.com/38/81/20300543591091145947815697982_s.jpg,Google
http://www.3456.tv/images/2011nian/10/2014-07-17-16-09-22.jpg,Google
http://www.chinabaike.com/uploads/allimg/151123/191P4J56-0.png,Google
http://www.nonglinzhongzhi.com/uploads/allimg/20170507/15g0fscsrxg1c58.jpg,Google
http://www.1988.tv/Upload_Map/2016nian/6/4/2016-06-04-09-02-03.jpg,Google
http://www.chinabaike.com/uploads/allimg/160303/05325J249-0.png,Google
http://www.lead88.com/UploadFiles/FCK/2014-08/6354337292033463288643038.jpg,Google
http://image.inb123.com/image/bh/%E5%9B%BE1-78%20%E5%B0%8F%E9%BA%A6%E5%8F%B6%E6%9E%AF%E7%97%85%E7%81%8C%E6%B5%86%E6%9C%9F%E4%B8%BA%E5%AE%B3%E7%97%87%E7%8A%B6.jpg,Google
http://www.3456.tv/images/2011nian/16/2016-11-01-17-06-56.jpg,Google
http://www.chinabaike.com/uploads/allimg/151007/1226202G8-2.jpg,Google
http://www.1988.tv/Upload_Map/2014nian/7/29/2014-07-29-09-46-08.jpg,Google
http://www.114nz.com/all_images/tuku/201004/201004091422212412_y.jpg,Google
http://www.sanfanghuagong.com/repository/image/bUvbUdz3RZSS6F3SAi4oGQ.jpg,Google
http://www.zhongnong.com/editor/attached/image/20141017/20141017145510_0156.png,Google
https://img1s.tuliu.com//art/2018/01/25/5a6971e375e35.jpg,Google
http://www.3456.tv/images/2011nian/10/2015-10-22-10-05-37.jpg,Google
http://www.1988.tv/Upload_Map/Bingchonghai/Big/2014/1-13/2014113175523555.jpg,Google
http://www.aichehu.com/upload/2018/09/21/957c47f032601cf3.jpg,Google
http://bcch.ahnw.gov.cn/UploadFiles/ls-xmb-07/5.JPG,Google
http://www.haonongzi.com/pic/news/20170321164541861.jpg,Google
http://www.nonglinzhongzhi.com/uploads/allimg/20170507/151dn1ssa40bf58.jpg,Google
http://image.inb123.com/image/bh/%E5%9B%BE1-73%20%E5%B0%8F%E9%BA%A6%E9%93%BE%E6%A0%BC%E5%AD%A2%E5%8F%B6%E6%9E%AF%E7%97%85%E4%B8%BA%E5%AE%B3%E5%8F%B6%E7%89%87%E7%97%87%E7%8A%B6.jpg,Google
http://inews.gtimg.com/newsapp_match/0/3512344300/0,Google
http://www.chinabaike.com/uploads/allimg/160316/0252102334-0.jpg,Google
http://www.1988.tv/Upload_Map/2017nian/2/21/2017-02-21-11-23-45.jpg,Google
https://pic.baike.soso.com/ugc/baikepic2/16005/20170823155941-1506970643_jpg_600_307_30155.jpg/300,Google
http://www.gszlw.net/Content/upload/image/admin/%E9%BB%98%E8%AE%A4%E7%9B%B8%E5%86%8C/20170428/20170428182320_5074.jpg,Google
http://www.chinabaike.com/uploads/allimg/151007/1226201629-1.jpg,Google
http://5b0988e595225.cdn.sohucs.com/images/20171006/a10588baf9cf4d089eb8bd2b84336285.jpeg,Google
http://gongjushu.oversea.cnki.net/CRFDPIC/r200610128/r200610128.0755.830acf.jpg,Google
http://www.chinabaike.com/uploads/allimg/151116/1H2105T9-0.jpg,Google
http://image.inb123.com/image/bh/%E5%9B%BE1-20%20%E5%B0%8F%E9%BA%A6%E7%BA%B9%E6%9E%AF%E7%97%85%E8%8C%8E%E5%9F%BA%E9%83%A8%E7%9A%84%E7%99%BD%E8%89%B2%E8%8F%8C%E4%B8%9D%E4%BD%93.jpg,Google
http://www.cgris.net/disease/02%EF%BC%8D%E9%BA%A6%E7%B1%BB/images/0102%20%E5%B0%8F%E9%BA%A6%E9%9B%AA%E9%9C%89%E5%8F%B6%E6%9E%AF%E7%97%85%E7%97%87%E7%8A%B6.jpg,Google
http://wzxlny.com/uploads/cp/20131030042515.jpg,Google
http://www.1988.tv/Upload_Map/2013nian/7/26/2013-07-26-18-29-43.jpg,Google
http://www.3456.tv/images/2011nian/16/2016-11-01-17-07-10.jpg,Google
http://www.nonglinzhongzhi.com/uploads/allimg/20170507/150o4ocsptlww58.jpg,Google
http://www.cgris.net/disease/02%EF%BC%8D%E9%BA%A6%E7%B1%BB/images/0107%20%E5%B0%8F%E9%BA%A6%E9%BB%84%E6%96%91%E5%8F%B6%E6%9E%AF%E7%97%85%E7%97%85%E5%8F%B6%E7%97%87%E7%8A%B6.jpg,Google
http://www.xn121.com/images/html/xkp/nybch/2017/10/30/3009313611B03E402A77119AB8896EC034C9CC73.jpg,Google
http://bcch.ahnw.gov.cn/UploadFiles/ls-xmb-07/4.JPG,Google
http://www.chinabaike.com/uploads/allimg/151125/0924411196-0.jpg,Google
http://p99.pstatp.com/large/666e000b396d07ccca7a,Google
https://slidesplayer.com/slide/11767754/65/images/1/%E5%B0%8F%E9%BA%A6%E5%8F%B6%E6%9E%AF%E7%97%85+Wheat+Leaf+Blight+and+Spot.jpg,Google
http://image.inb123.com/image/bh/%E5%9B%BE1-19%20%E5%B0%8F%E9%BA%A6%E7%BA%B9%E6%9E%AF%E7%97%85%E8%8A%B1%E7%A7%86%E7%8A%B6.jpg,Google
https://www.51wendang.com/pic/5b94131e26a37161964fb827/1-276-png_6_0_0_135_163_562_310_892.83_1263-500-0-0-500.jpg,Google
http://www.qdhyswkj.com/up/image/201703/20170315160336283628.jpg,Google
http://www.zggm.org/Article/UploadFiles/201709/2017092009132045.jpg,Google
http://www.aichehu.com/upload/2018/09/21/79c4845c87abe3f9.jpg,Google
http://a4.att.hudong.com/34/85/01200000183235136323859542778_s.jpg,Google
http://www.1988.tv/Upload_Map/2014nian/3/12/2014-03-12-16-48-57.jpg,Google
https://inews.gtimg.com/newsapp_bt/0/3131515384/1000,Google
http://116.255.203.131/img/2015/10/16/490014.jpg,Google
http://www.114nz.com/all_images/tuku/201004/201004031618576673_y.jpg,Google
http://www.chinabaike.com/uploads/allimg/151008/210U144Z-1.jpg,Google
http://www.zaipeiwang.com/uploads/allimg/171121/153H511S-19.jpg,Google
http://www.scnky.com/bch/UploadFiles/ls-xmb-23/1.JPG,Google
http://inews.gtimg.com/newsapp_match/0/3522721166/0,Google
http://www.haonongzi.com/pic/news/20180226174738608.jpg,Google
http://a1.att.hudong.com/74/83/20300543214788144635839523308_s.jpg,Google
https://slidesplayer.com/slide/11767754/65/images/2/%E5%B0%8F%E9%BA%A6%E5%87%A0%E7%A7%8D%E5%8F%B6%E6%9E%AF%E7%97%85%E5%8F%91%E7%94%9F%E6%97%B6%E6%9C%9F%E3%80%81%E5%8D%B1%E5%AE%B3%E9%83%A8%E4%BD%8D%E5%92%8C%E7%97%87%E7%8A%B6%E7%89%B9%E7%82%B9%E6%AF%94%E8%BE%83.jpg,Google
http://www.qdhyswkj.com/up/image/201703/20170315160671547154.jpg,Google
http://img.agropages.com/UserFiles/FCKFile/zkc_2016-03-17_10-36-14_009.png,Google
http://www.nonglinzhongzhi.com/uploads/allimg/20170507/155v1dvbweans58.jpg,Google
http://image.inb123.com/image/bh/%E5%9B%BE1-71%20%E5%B0%8F%E9%BA%A6%E9%BB%84%E6%96%91%E5%8F%B6%E6%9E%AF%E7%97%85%E4%B8%BA%E5%AE%B3%E5%8F%B6%E7%89%87%E5%90%8E%E6%9C%9F%E7%97%87%E7%8A%B6.jpg,Google
http://bcch.ahnw.gov.cn/UploadFiles/ls-xmb-24/2.JPG,Google
http://www.xn121.com/images/html/xkp/nybch/2017/11/06/061402201F6C9FA6C699C1A588D6DDE3D868234E.jpg,Google
http://img.zhopera.com/2018/0213/20180213020448709.jpg,Google
https://p3.ssl.cdn.btime.com/t0173a052025eddbe8a.jpg?size=500x333,Google
http://www.3456.tv/images/2018nian/2/27/2018-02-27-09-26-43.jpg,Google
http://p1.pstatp.com/large/pgc-image/15237731826774ce4ecaee6,Google
http://www.1988.tv/Upload_Map/2017nian/1/3/2017-01-03-15-45-08.jpg,Google
https://slidesplayer.com/slide/11767754/65/images/4/%E9%93%BE%E6%A0%BC%E5%AD%A2%E5%8F%B6%E6%9E%AF%E7%97%85%E8%8F%8C%EF%BC%9A%E4%B8%BA%E5%B0%8F%E9%BA%A6%E9%93%BE%E6%A0%BC%E5%AD%A2Alternaria+triticina%EF%BC%8C%E5%B1%9E%E5%8D%8A%E7%9F%A5%E8%8F%8C%E4%BA%9A%E9%97%A8%E9%93%BE%E6%A0%BC%E5%AD%A2%E5%B1%9E%E3%80%82%E5%88%86%E7%94%9F%E5%AD%A2%E5%AD%90%E6%A2%97%E5%8D%95%E7%94%9F%E6%88%96%E4%B8%9B%E7%94%9F%EF%BC%8C%E7%9B%B4%E7%AB%8B%EF%BC%8C%E9%BB%84%E8%A4%90%E8%89%B2%EF%BC%8C%E4%BB%8E%E6%B0%94%E5%AD%94%E4%BC%B8%E5%87%BA%E3%80%82%E5%88%86%E7%94%9F%E5%AD%A2%E5%AD%90%E5%8D%95%E7%94%9F%E6%88%962%EF%BD%9E4%E4%B8%AA%E4%B8%B2%E7%94%9F%EF%BC%8C%E8%A4%90%E8%89%B2%EF%BC%8C%E5%8D%B5%E5%9C%86%E5%BD%A2%E6%88%96%E6%A4%AD%E5%9C%86%E5%BD%A2%EF%BC%8C%E5%96%99%E8%BE%83%E7%9F%AD%EF%BC%8C1%EF%BD%9E10%E4%B8%AA%E6%A8%AA%E8%86%88%E8%86%9C%EF%BC%8C0%EF%BD%9E5%E4%B8%AA%E7%BA%B5%E9%9A%94%E8%86%9C%E3%80%82.jpg,Google
http://image.inb123.com/image/bh/%E5%9B%BE1-70%20%E5%B0%8F%E9%BA%A6%E9%BB%84%E6%96%91%E5%8F%B6%E6%9E%AF%E7%97%85%E4%B8%BA%E5%AE%B3%E5%8F%B6%E7%89%87%E5%88%9D%E6%9C%9F%E7%97%87%E7%8A%B6.jpg,Google
http://inews.gtimg.com/newsapp_match/0/3522721169/0,Google
http://www.hebeif.com/pictures/info/171.gif,Google
http://www.3456.tv/images/2011nian/10/2015-10-21-09-43-32.jpg,Google
http://www.chinabaike.com/uploads/allimg/151030/1A1162304-0.jpg,Google
http://img.agropages.com/UserFiles/FCKFile/zkc_2016-03-18_10-05-33_840.png,Google
http://123.57.191.69:8006/b/data/files/store_5/goods_5/small_201408231646457382.jpg,Google
http://p9.pstatp.com/large/pgc-image/1535798295020b8a7556717,Google
http://p99.pstatp.com/large/756b00010575e9ffe59b,Google
http://www.guojiribao.com/paperdata/gjrb/20180214/b_page_18.jpg,Google
http://img.mp.itc.cn/upload/20170413/f4a005465680460084e7755e2ad8a1e1_th.jpeg,Google
http://bcch.ahnw.gov.cn/UploadFiles/ls-xmb-24/3.JPG,Google
http://hbzfhf.com/userfiles/images/%E5%9B%BE%E7%89%871.jpg,Google
http://5b0988e595225.cdn.sohucs.com/images/20180409/66c900f0d98646b9984f89be021355ed.jpeg,Google
http://img1.jinciwei.cn/mmbiz_jpg/5KDmOy4cPZIHjSx6z1RqzbfSQIwib2xKmdBk8gE6iacpwsB0zVbgdROJ1m7FSThomp5PIObibb88vvZuKA3dQMQLg/640?wx_fmt=jpeg,Google
http://inews.gtimg.com/newsapp_match/0/3522721168/0,Google
http://img.nongyisheng.com/38179b71549008f6e6de2a4d8db63f76.png,Google
http://%E5%86%9C%E5%86%9C%E7%BD%91.com/keditor/attached/image/20141028/20141028112446_30549.jpg,Google
http://www.zbzhongzi.cn/data/u18925/public/201711/20171117/2017111710554568155.jpg,Google
http://img01.yigongqiu.com/201807/26/17315660382912.jpg,Google
http://img.18yangzhi.com/uploadfile/p/2018/04/lqpsgN.png_big.png,Google
http://www.nys360.com/news/pics/20160317/201603171458183419484.jpg,Google
http://img.bj.wezhan.cn/content/sitefiles/2017350/images/11831157_%E5%B0%8F%E9%BA%A6.jpeg,Google
http://www.tccxfw.com/bch/1/upfiles/20123142183143.jpg,Google
http://www.zbzhongzi.cn/data/u18925/public/201712/20171207/2017120710375613577.jpg,Google
http://bcch.ahnw.gov.cn/UploadFiles/ls-xmb-07/3.JPG,Google
http://5b0988e595225.cdn.sohucs.com/images/20180214/7b0f57b2352f47458c7743fc7de91920.jpeg,Google
