"https://ss3.bdstatic.com/70cFv8Sh_Q1YnxGkpoWK1HF6hhy/it/u=3692593659,2889470776&fm=26&gp=0.jpg",Baidu
"https://ss1.bdstatic.com/70cFuXSh_Q1YnxGkpoWK1HF6hhy/it/u=2160175612,3985005995&fm=26&gp=0.jpg",Baidu
"https://ss3.bdstatic.com/70cFv8Sh_Q1YnxGkpoWK1HF6hhy/it/u=2739048657,3769746700&fm=26&gp=0.jpg",Baidu
"https://ss2.bdstatic.com/70cFvnSh_Q1YnxGkpoWK1HF6hhy/it/u=1419242609,79836957&fm=26&gp=0.jpg",Baidu
"https://ss1.bdstatic.com/70cFvXSh_Q1YnxGkpoWK1HF6hhy/it/u=501105722,3423955205&fm=26&gp=0.jpg",Baidu
"https://ss2.bdstatic.com/70cFvnSh_Q1YnxGkpoWK1HF6hhy/it/u=2928378006,2453845158&fm=26&gp=0.jpg",Baidu
"https://ss3.bdstatic.com/70cFv8Sh_Q1YnxGkpoWK1HF6hhy/it/u=260372728,2483494691&fm=26&gp=0.jpg",Baidu
"https://ss1.bdstatic.com/70cFvXSh_Q1YnxGkpoWK1HF6hhy/it/u=2150661685,1355892102&fm=26&gp=0.jpg",Baidu
"https://ss0.bdstatic.com/70cFvHSh_Q1YnxGkpoWK1HF6hhy/it/u=2989826694,3097474732&fm=26&gp=0.jpg",Baidu
"https://ss3.bdstatic.com/70cFv8Sh_Q1YnxGkpoWK1HF6hhy/it/u=3571074109,2396727402&fm=26&gp=0.jpg",Baidu
"https://ss2.bdstatic.com/70cFvnSh_Q1YnxGkpoWK1HF6hhy/it/u=491299266,531018668&fm=26&gp=0.jpg",Baidu
"https://ss0.bdstatic.com/70cFuHSh_Q1YnxGkpoWK1HF6hhy/it/u=3148154329,2028310003&fm=26&gp=0.jpg",Baidu
"https://ss3.bdstatic.com/70cFv8Sh_Q1YnxGkpoWK1HF6hhy/it/u=3127828812,4145241769&fm=26&gp=0.jpg",Baidu
"https://ss1.bdstatic.com/70cFvXSh_Q1YnxGkpoWK1HF6hhy/it/u=2109465801,2142710650&fm=26&gp=0.jpg",Baidu
"https://ss1.bdstatic.com/70cFvXSh_Q1YnxGkpoWK1HF6hhy/it/u=2337217435,91067058&fm=26&gp=0.jpg",Baidu
"https://ss0.bdstatic.com/70cFvHSh_Q1YnxGkpoWK1HF6hhy/it/u=3799631379,2383651459&fm=26&gp=0.jpg",Baidu
"https://ss1.bdstatic.com/70cFvXSh_Q1YnxGkpoWK1HF6hhy/it/u=3033178487,517272044&fm=26&gp=0.jpg",Baidu
"https://ss3.bdstatic.com/70cFv8Sh_Q1YnxGkpoWK1HF6hhy/it/u=4271022519,2370525808&fm=26&gp=0.jpg",Baidu
"https://ss3.bdstatic.com/70cFv8Sh_Q1YnxGkpoWK1HF6hhy/it/u=2122178824,1761896249&fm=26&gp=0.jpg",Baidu
"https://ss1.bdstatic.com/70cFuXSh_Q1YnxGkpoWK1HF6hhy/it/u=1145786988,1445772449&fm=26&gp=0.jpg",Baidu
"https://ss3.bdstatic.com/70cFv8Sh_Q1YnxGkpoWK1HF6hhy/it/u=3260824081,1946100276&fm=26&gp=0.jpg",Baidu
"https://ss3.bdstatic.com/70cFv8Sh_Q1YnxGkpoWK1HF6hhy/it/u=3479227851,4200093148&fm=26&gp=0.jpg",Baidu
"https://ss0.bdstatic.com/70cFvHSh_Q1YnxGkpoWK1HF6hhy/it/u=3106316313,1690416295&fm=26&gp=0.jpg",Baidu
"https://ss1.bdstatic.com/70cFvXSh_Q1YnxGkpoWK1HF6hhy/it/u=278273766,2717244403&fm=26&gp=0.jpg",Baidu
"https://ss0.bdstatic.com/70cFuHSh_Q1YnxGkpoWK1HF6hhy/it/u=2267021644,2996974882&fm=26&gp=0.jpg",Baidu
"https://ss3.bdstatic.com/70cFv8Sh_Q1YnxGkpoWK1HF6hhy/it/u=1564992735,2239273116&fm=26&gp=0.jpg",Baidu
"https://ss1.bdstatic.com/70cFuXSh_Q1YnxGkpoWK1HF6hhy/it/u=4263169945,2138187782&fm=26&gp=0.jpg",Baidu
"https://ss0.bdstatic.com/70cFvHSh_Q1YnxGkpoWK1HF6hhy/it/u=290649900,1075049496&fm=26&gp=0.jpg",Baidu
"https://ss1.bdstatic.com/70cFvXSh_Q1YnxGkpoWK1HF6hhy/it/u=3612126336,3076441703&fm=26&gp=0.jpg",Baidu
"https://ss0.bdstatic.com/70cFuHSh_Q1YnxGkpoWK1HF6hhy/it/u=4234166880,1090619792&fm=26&gp=0.jpg",Baidu
"https://ss1.bdstatic.com/70cFuXSh_Q1YnxGkpoWK1HF6hhy/it/u=3313521769,2682703256&fm=26&gp=0.jpg",Baidu
"https://ss3.bdstatic.com/70cFv8Sh_Q1YnxGkpoWK1HF6hhy/it/u=1129854797,1600383298&fm=26&gp=0.jpg",Baidu
"https://ss0.bdstatic.com/70cFvHSh_Q1YnxGkpoWK1HF6hhy/it/u=6715899,3014877219&fm=26&gp=0.jpg",Baidu
"https://ss1.bdstatic.com/70cFuXSh_Q1YnxGkpoWK1HF6hhy/it/u=3705034110,2599368651&fm=26&gp=0.jpg",Baidu
"https://ss0.bdstatic.com/70cFuHSh_Q1YnxGkpoWK1HF6hhy/it/u=3862106215,2946560491&fm=26&gp=0.jpg",Baidu
"https://ss2.bdstatic.com/70cFvnSh_Q1YnxGkpoWK1HF6hhy/it/u=2899241742,2085354708&fm=26&gp=0.jpg",Baidu
"https://ss0.bdstatic.com/70cFvHSh_Q1YnxGkpoWK1HF6hhy/it/u=3335529006,3214177864&fm=26&gp=0.jpg",Baidu
"https://ss2.bdstatic.com/70cFvnSh_Q1YnxGkpoWK1HF6hhy/it/u=1650783483,1242800825&fm=26&gp=0.jpg",Baidu
"https://ss0.bdstatic.com/70cFvHSh_Q1YnxGkpoWK1HF6hhy/it/u=3698383485,10937445&fm=26&gp=0.jpg",Baidu
"https://ss0.bdstatic.com/70cFvHSh_Q1YnxGkpoWK1HF6hhy/it/u=2092463539,37992779&fm=26&gp=0.jpg",Baidu
"https://ss0.bdstatic.com/70cFvHSh_Q1YnxGkpoWK1HF6hhy/it/u=2542076045,2477784575&fm=26&gp=0.jpg",Baidu
"https://ss0.bdstatic.com/70cFvHSh_Q1YnxGkpoWK1HF6hhy/it/u=754845153,2222873967&fm=26&gp=0.jpg",Baidu
"https://ss1.bdstatic.com/70cFvXSh_Q1YnxGkpoWK1HF6hhy/it/u=2010191868,338270791&fm=26&gp=0.jpg",Baidu
"https://ss2.bdstatic.com/70cFvnSh_Q1YnxGkpoWK1HF6hhy/it/u=835912347,1667315459&fm=26&gp=0.jpg",Baidu
"https://ss2.bdstatic.com/70cFvnSh_Q1YnxGkpoWK1HF6hhy/it/u=1539418786,2586509878&fm=26&gp=0.jpg",Baidu
"https://ss0.bdstatic.com/70cFvHSh_Q1YnxGkpoWK1HF6hhy/it/u=730166977,1343796095&fm=26&gp=0.jpg",Baidu
"https://ss1.bdstatic.com/70cFuXSh_Q1YnxGkpoWK1HF6hhy/it/u=3785634331,3304641182&fm=26&gp=0.jpg",Baidu
"https://ss1.bdstatic.com/70cFuXSh_Q1YnxGkpoWK1HF6hhy/it/u=1012393368,1538538545&fm=26&gp=0.jpg",Baidu
"https://ss2.bdstatic.com/70cFvnSh_Q1YnxGkpoWK1HF6hhy/it/u=3226657197,667704875&fm=26&gp=0.jpg",Baidu
"https://ss0.bdstatic.com/70cFvHSh_Q1YnxGkpoWK1HF6hhy/it/u=1163626177,2348395811&fm=26&gp=0.jpg",Baidu
"https://ss1.bdstatic.com/70cFuXSh_Q1YnxGkpoWK1HF6hhy/it/u=1164172273,2481491866&fm=26&gp=0.jpg",Baidu
"https://ss0.bdstatic.com/70cFuHSh_Q1YnxGkpoWK1HF6hhy/it/u=2341047675,3202120073&fm=26&gp=0.jpg",Baidu
"https://ss1.bdstatic.com/70cFuXSh_Q1YnxGkpoWK1HF6hhy/it/u=3973655301,1676857980&fm=26&gp=0.jpg",Baidu
"https://ss1.bdstatic.com/70cFvXSh_Q1YnxGkpoWK1HF6hhy/it/u=128088570,1600953115&fm=26&gp=0.jpg",Baidu
"https://ss1.bdstatic.com/70cFvXSh_Q1YnxGkpoWK1HF6hhy/it/u=3076022617,488134584&fm=26&gp=0.jpg",Baidu
"https://ss0.bdstatic.com/70cFuHSh_Q1YnxGkpoWK1HF6hhy/it/u=717940242,3403168390&fm=26&gp=0.jpg",Baidu
"https://ss0.bdstatic.com/70cFvHSh_Q1YnxGkpoWK1HF6hhy/it/u=1330054545,2818968213&fm=26&gp=0.jpg",Baidu
"https://ss3.bdstatic.com/70cFv8Sh_Q1YnxGkpoWK1HF6hhy/it/u=928471071,3043869642&fm=26&gp=0.jpg",Baidu
"https://ss3.bdstatic.com/70cFv8Sh_Q1YnxGkpoWK1HF6hhy/it/u=78547517,2518349854&fm=26&gp=0.jpg",Baidu
"https://ss0.bdstatic.com/70cFuHSh_Q1YnxGkpoWK1HF6hhy/it/u=3584689163,1942244319&fm=26&gp=0.jpg",Baidu
"https://ss3.bdstatic.com/70cFv8Sh_Q1YnxGkpoWK1HF6hhy/it/u=928471071,3043869642&fm=26&gp=0.jpg",Baidu
"https://ss0.bdstatic.com/70cFuHSh_Q1YnxGkpoWK1HF6hhy/it/u=1984783308,3011119292&fm=26&gp=0.jpg",Baidu
"https://ss1.bdstatic.com/70cFuXSh_Q1YnxGkpoWK1HF6hhy/it/u=1629435704,3582004783&fm=26&gp=0.jpg",Baidu
"https://ss0.bdstatic.com/70cFvHSh_Q1YnxGkpoWK1HF6hhy/it/u=1932268405,1761438731&fm=26&gp=0.jpg",Baidu
"https://ss1.bdstatic.com/70cFuXSh_Q1YnxGkpoWK1HF6hhy/it/u=3364044912,4084318497&fm=26&gp=0.jpg",Baidu
"https://ss3.bdstatic.com/70cFv8Sh_Q1YnxGkpoWK1HF6hhy/it/u=3829739330,3217263377&fm=26&gp=0.jpg",Baidu
"https://ss3.bdstatic.com/70cFv8Sh_Q1YnxGkpoWK1HF6hhy/it/u=498534138,394060665&fm=26&gp=0.jpg",Baidu
"https://ss1.bdstatic.com/70cFuXSh_Q1YnxGkpoWK1HF6hhy/it/u=979764279,3049077200&fm=26&gp=0.jpg",Baidu
"https://ss1.bdstatic.com/70cFvXSh_Q1YnxGkpoWK1HF6hhy/it/u=1731770065,3399511300&fm=26&gp=0.jpg",Baidu
"https://ss1.bdstatic.com/70cFvXSh_Q1YnxGkpoWK1HF6hhy/it/u=1742431718,1837021763&fm=26&gp=0.jpg",Baidu
"https://ss1.bdstatic.com/70cFuXSh_Q1YnxGkpoWK1HF6hhy/it/u=4274893549,2063687540&fm=26&gp=0.jpg",Baidu
"https://ss2.bdstatic.com/70cFvnSh_Q1YnxGkpoWK1HF6hhy/it/u=4190290435,2932586399&fm=26&gp=0.jpg",Baidu
"https://ss1.bdstatic.com/70cFvXSh_Q1YnxGkpoWK1HF6hhy/it/u=4105277640,2066984147&fm=26&gp=0.jpg",Baidu
"https://ss1.bdstatic.com/70cFuXSh_Q1YnxGkpoWK1HF6hhy/it/u=829858152,3052970057&fm=26&gp=0.jpg",Baidu
"https://ss1.bdstatic.com/70cFvXSh_Q1YnxGkpoWK1HF6hhy/it/u=2548391150,1628180699&fm=26&gp=0.jpg",Baidu
"https://ss1.bdstatic.com/70cFvXSh_Q1YnxGkpoWK1HF6hhy/it/u=2274781551,3931697174&fm=26&gp=0.jpg",Baidu
"https://ss0.bdstatic.com/70cFvHSh_Q1YnxGkpoWK1HF6hhy/it/u=1967810314,695040506&fm=26&gp=0.jpg",Baidu
"https://ss2.bdstatic.com/70cFvnSh_Q1YnxGkpoWK1HF6hhy/it/u=657081094,4125285506&fm=26&gp=0.jpg",Baidu
"https://ss0.bdstatic.com/70cFvHSh_Q1YnxGkpoWK1HF6hhy/it/u=3167621597,1716047459&fm=26&gp=0.jpg",Baidu
"https://ss3.bdstatic.com/70cFv8Sh_Q1YnxGkpoWK1HF6hhy/it/u=965155282,2969399159&fm=26&gp=0.jpg",Baidu
"https://ss1.bdstatic.com/70cFvXSh_Q1YnxGkpoWK1HF6hhy/it/u=763238683,2787514134&fm=26&gp=0.jpg",Baidu
"https://ss1.bdstatic.com/70cFuXSh_Q1YnxGkpoWK1HF6hhy/it/u=1515194593,3678960836&fm=26&gp=0.jpg",Baidu
"https://ss1.bdstatic.com/70cFuXSh_Q1YnxGkpoWK1HF6hhy/it/u=2096653003,2833478642&fm=26&gp=0.jpg",Baidu
"https://ss1.bdstatic.com/70cFuXSh_Q1YnxGkpoWK1HF6hhy/it/u=525991135,2215968040&fm=26&gp=0.jpg",Baidu
"https://ss2.bdstatic.com/70cFvnSh_Q1YnxGkpoWK1HF6hhy/it/u=283173042,163851002&fm=26&gp=0.jpg",Baidu
"https://ss1.bdstatic.com/70cFuXSh_Q1YnxGkpoWK1HF6hhy/it/u=580162379,3922630666&fm=26&gp=0.jpg",Baidu
"https://ss1.bdstatic.com/70cFvXSh_Q1YnxGkpoWK1HF6hhy/it/u=2292505904,3641602011&fm=26&gp=0.jpg",Baidu
"https://ss1.bdstatic.com/70cFvXSh_Q1YnxGkpoWK1HF6hhy/it/u=3457861400,1461894429&fm=26&gp=0.jpg",Baidu
"https://ss1.bdstatic.com/70cFvXSh_Q1YnxGkpoWK1HF6hhy/it/u=527836910,433872809&fm=26&gp=0.jpg",Baidu
"https://ss0.bdstatic.com/70cFvHSh_Q1YnxGkpoWK1HF6hhy/it/u=2488286002,612683072&fm=26&gp=0.jpg",Baidu
"https://ss2.bdstatic.com/70cFvnSh_Q1YnxGkpoWK1HF6hhy/it/u=949994971,936582673&fm=26&gp=0.jpg",Baidu
"https://ss1.bdstatic.com/70cFuXSh_Q1YnxGkpoWK1HF6hhy/it/u=333639593,2701355382&fm=26&gp=0.jpg",Baidu
"https://ss1.bdstatic.com/70cFuXSh_Q1YnxGkpoWK1HF6hhy/it/u=3813576197,488531728&fm=26&gp=0.jpg",Baidu
"https://ss1.bdstatic.com/70cFuXSh_Q1YnxGkpoWK1HF6hhy/it/u=187168195,525255580&fm=26&gp=0.jpg",Baidu
"https://ss1.bdstatic.com/70cFvXSh_Q1YnxGkpoWK1HF6hhy/it/u=983506693,3774522766&fm=26&gp=0.jpg",Baidu
"https://ss1.bdstatic.com/70cFuXSh_Q1YnxGkpoWK1HF6hhy/it/u=1843204048,3343986713&fm=26&gp=0.jpg",Baidu
"https://ss2.bdstatic.com/70cFvnSh_Q1YnxGkpoWK1HF6hhy/it/u=473285429,2452794351&fm=26&gp=0.jpg",Baidu
"https://ss3.bdstatic.com/70cFv8Sh_Q1YnxGkpoWK1HF6hhy/it/u=904505076,3759201943&fm=26&gp=0.jpg",Baidu
"https://ss0.bdstatic.com/70cFvHSh_Q1YnxGkpoWK1HF6hhy/it/u=3005279005,3110892855&fm=26&gp=0.jpg",Baidu
"https://ss2.bdstatic.com/70cFvnSh_Q1YnxGkpoWK1HF6hhy/it/u=2735250078,1786468770&fm=26&gp=0.jpg",Baidu
"https://ss0.bdstatic.com/70cFuHSh_Q1YnxGkpoWK1HF6hhy/it/u=1674003089,2127853793&fm=26&gp=0.jpg",Baidu
"https://ss2.bdstatic.com/70cFvnSh_Q1YnxGkpoWK1HF6hhy/it/u=2674674134,123249594&fm=26&gp=0.jpg",Baidu
"https://ss0.bdstatic.com/70cFvHSh_Q1YnxGkpoWK1HF6hhy/it/u=3947004903,3519374035&fm=26&gp=0.jpg",Baidu
"https://ss1.bdstatic.com/70cFuXSh_Q1YnxGkpoWK1HF6hhy/it/u=3096293010,861128369&fm=26&gp=0.jpg",Baidu
"https://ss3.bdstatic.com/70cFv8Sh_Q1YnxGkpoWK1HF6hhy/it/u=2844884240,3220064159&fm=26&gp=0.jpg",Baidu
"https://ss3.bdstatic.com/70cFv8Sh_Q1YnxGkpoWK1HF6hhy/it/u=3463639904,1676768711&fm=26&gp=0.jpg",Baidu
"https://ss2.bdstatic.com/70cFvnSh_Q1YnxGkpoWK1HF6hhy/it/u=3952156283,3801862771&fm=26&gp=0.jpg",Baidu
"https://ss0.bdstatic.com/70cFvHSh_Q1YnxGkpoWK1HF6hhy/it/u=2931997638,2418742684&fm=26&gp=0.jpg",Baidu
"https://ss3.bdstatic.com/70cFv8Sh_Q1YnxGkpoWK1HF6hhy/it/u=3755228146,1754432883&fm=26&gp=0.jpg",Baidu
"https://ss1.bdstatic.com/70cFvXSh_Q1YnxGkpoWK1HF6hhy/it/u=1305317931,360364588&fm=26&gp=0.jpg",Baidu
"https://ss0.bdstatic.com/70cFuHSh_Q1YnxGkpoWK1HF6hhy/it/u=3431419918,2639605528&fm=26&gp=0.jpg",Baidu
"https://ss3.bdstatic.com/70cFv8Sh_Q1YnxGkpoWK1HF6hhy/it/u=2411255726,1836893677&fm=26&gp=0.jpg",Baidu
"https://ss0.bdstatic.com/70cFvHSh_Q1YnxGkpoWK1HF6hhy/it/u=3391640614,2143435764&fm=26&gp=0.jpg",Baidu
"https://ss0.bdstatic.com/70cFuHSh_Q1YnxGkpoWK1HF6hhy/it/u=2924118797,2890588095&fm=26&gp=0.jpg",Baidu
"https://ss0.bdstatic.com/70cFvHSh_Q1YnxGkpoWK1HF6hhy/it/u=1269554647,4046942115&fm=26&gp=0.jpg",Baidu
"https://ss0.bdstatic.com/70cFvHSh_Q1YnxGkpoWK1HF6hhy/it/u=398833862,1983355288&fm=26&gp=0.jpg",Baidu
"https://ss0.bdstatic.com/70cFuHSh_Q1YnxGkpoWK1HF6hhy/it/u=3543495550,866423710&fm=26&gp=0.jpg",Baidu
"https://ss1.bdstatic.com/70cFuXSh_Q1YnxGkpoWK1HF6hhy/it/u=2977852090,1241102731&fm=26&gp=0.jpg",Baidu
"https://ss1.bdstatic.com/70cFuXSh_Q1YnxGkpoWK1HF6hhy/it/u=2727490687,1117981042&fm=26&gp=0.jpg",Baidu
"https://ss1.bdstatic.com/70cFvXSh_Q1YnxGkpoWK1HF6hhy/it/u=3699654108,3517014881&fm=26&gp=0.jpg",Baidu
"https://ss2.bdstatic.com/70cFvnSh_Q1YnxGkpoWK1HF6hhy/it/u=766802830,1442530090&fm=26&gp=0.jpg",Baidu
"https://ss3.bdstatic.com/70cFv8Sh_Q1YnxGkpoWK1HF6hhy/it/u=2915015077,2826792846&fm=26&gp=0.jpg",Baidu
"https://ss0.bdstatic.com/70cFuHSh_Q1YnxGkpoWK1HF6hhy/it/u=3342317549,4272579975&fm=26&gp=0.jpg",Baidu
"https://ss0.bdstatic.com/70cFvHSh_Q1YnxGkpoWK1HF6hhy/it/u=4066749055,3812411685&fm=26&gp=0.jpg",Baidu
"https://ss1.bdstatic.com/70cFvXSh_Q1YnxGkpoWK1HF6hhy/it/u=4022058666,3895333091&fm=26&gp=0.jpg",Baidu
"https://ss0.bdstatic.com/70cFvHSh_Q1YnxGkpoWK1HF6hhy/it/u=4131682135,4129220571&fm=26&gp=0.jpg",Baidu
"https://ss1.bdstatic.com/70cFvXSh_Q1YnxGkpoWK1HF6hhy/it/u=770247175,3810007264&fm=26&gp=0.jpg",Baidu
"https://ss1.bdstatic.com/70cFuXSh_Q1YnxGkpoWK1HF6hhy/it/u=1681470322,229016977&fm=26&gp=0.jpg",Baidu
"https://ss2.bdstatic.com/70cFvnSh_Q1YnxGkpoWK1HF6hhy/it/u=147649316,3049111650&fm=26&gp=0.jpg",Baidu
"https://ss0.bdstatic.com/70cFvHSh_Q1YnxGkpoWK1HF6hhy/it/u=1156430160,531408516&fm=26&gp=0.jpg",Baidu
"https://ss3.bdstatic.com/70cFv8Sh_Q1YnxGkpoWK1HF6hhy/it/u=3155265338,2224230977&fm=26&gp=0.jpg",Baidu
"https://ss0.bdstatic.com/70cFuHSh_Q1YnxGkpoWK1HF6hhy/it/u=459632823,3227266981&fm=26&gp=0.jpg",Baidu
"https://ss1.bdstatic.com/70cFuXSh_Q1YnxGkpoWK1HF6hhy/it/u=3149061941,1012223526&fm=26&gp=0.jpg",Baidu
"https://ss0.bdstatic.com/70cFvHSh_Q1YnxGkpoWK1HF6hhy/it/u=859322112,1565418792&fm=26&gp=0.jpg",Baidu
"https://ss2.bdstatic.com/70cFvnSh_Q1YnxGkpoWK1HF6hhy/it/u=2413229770,1421358790&fm=26&gp=0.jpg",Baidu
"https://ss1.bdstatic.com/70cFvXSh_Q1YnxGkpoWK1HF6hhy/it/u=1135593987,2460089896&fm=26&gp=0.jpg",Baidu
"https://ss0.bdstatic.com/70cFvHSh_Q1YnxGkpoWK1HF6hhy/it/u=1087126036,3484881336&fm=26&gp=0.jpg",Baidu
"https://ss0.bdstatic.com/70cFuHSh_Q1YnxGkpoWK1HF6hhy/it/u=4197452136,566615612&fm=26&gp=0.jpg",Baidu
"https://ss0.bdstatic.com/70cFuHSh_Q1YnxGkpoWK1HF6hhy/it/u=3781569808,3883992922&fm=26&gp=0.jpg",Baidu
"https://ss2.bdstatic.com/70cFvnSh_Q1YnxGkpoWK1HF6hhy/it/u=1806636147,494975711&fm=26&gp=0.jpg",Baidu
"https://ss1.bdstatic.com/70cFuXSh_Q1YnxGkpoWK1HF6hhy/it/u=1394182578,4103945181&fm=26&gp=0.jpg",Baidu
"https://ss1.bdstatic.com/70cFuXSh_Q1YnxGkpoWK1HF6hhy/it/u=316752760,614985109&fm=26&gp=0.jpg",Baidu
"https://ss1.bdstatic.com/70cFuXSh_Q1YnxGkpoWK1HF6hhy/it/u=2181529741,829797244&fm=26&gp=0.jpg",Baidu
"https://ss0.bdstatic.com/70cFuHSh_Q1YnxGkpoWK1HF6hhy/it/u=2183310449,2235448833&fm=26&gp=0.jpg",Baidu
"https://ss2.bdstatic.com/70cFvnSh_Q1YnxGkpoWK1HF6hhy/it/u=446572378,1131346720&fm=26&gp=0.jpg",Baidu
"https://ss0.bdstatic.com/70cFuHSh_Q1YnxGkpoWK1HF6hhy/it/u=3208867622,4128166686&fm=26&gp=0.jpg",Baidu
"https://ss1.bdstatic.com/70cFvXSh_Q1YnxGkpoWK1HF6hhy/it/u=1146669442,2950695975&fm=26&gp=0.jpg",Baidu
"https://ss1.bdstatic.com/70cFvXSh_Q1YnxGkpoWK1HF6hhy/it/u=2954535886,2835853387&fm=26&gp=0.jpg",Baidu
"https://ss0.bdstatic.com/70cFvHSh_Q1YnxGkpoWK1HF6hhy/it/u=1211805105,3704635027&fm=26&gp=0.jpg",Baidu
"https://ss2.bdstatic.com/70cFvnSh_Q1YnxGkpoWK1HF6hhy/it/u=1014954401,1754527377&fm=26&gp=0.jpg",Baidu
"https://ss1.bdstatic.com/70cFvXSh_Q1YnxGkpoWK1HF6hhy/it/u=3692716065,2533243796&fm=11&gp=0.jpg",Baidu
"https://ss3.bdstatic.com/70cFv8Sh_Q1YnxGkpoWK1HF6hhy/it/u=1979903075,2675600774&fm=26&gp=0.jpg",Baidu
"https://ss1.bdstatic.com/70cFuXSh_Q1YnxGkpoWK1HF6hhy/it/u=1903007095,53313382&fm=26&gp=0.jpg",Baidu
"https://ss1.bdstatic.com/70cFvXSh_Q1YnxGkpoWK1HF6hhy/it/u=2115831250,3460511239&fm=26&gp=0.jpg",Baidu
"https://ss2.bdstatic.com/70cFvnSh_Q1YnxGkpoWK1HF6hhy/it/u=2831733098,3046170520&fm=26&gp=0.jpg",Baidu
"https://ss1.bdstatic.com/70cFvXSh_Q1YnxGkpoWK1HF6hhy/it/u=3101686147,1839979684&fm=26&gp=0.jpg",Baidu
"https://ss0.bdstatic.com/70cFuHSh_Q1YnxGkpoWK1HF6hhy/it/u=3859677413,2642584989&fm=26&gp=0.jpg",Baidu
"https://ss3.bdstatic.com/70cFv8Sh_Q1YnxGkpoWK1HF6hhy/it/u=1298027265,2443964994&fm=26&gp=0.jpg",Baidu
"https://ss3.bdstatic.com/70cFv8Sh_Q1YnxGkpoWK1HF6hhy/it/u=2729001225,3601398136&fm=26&gp=0.jpg",Baidu
"https://ss0.bdstatic.com/70cFvHSh_Q1YnxGkpoWK1HF6hhy/it/u=1911061971,827073387&fm=26&gp=0.jpg",Baidu
"https://ss0.bdstatic.com/70cFuHSh_Q1YnxGkpoWK1HF6hhy/it/u=3469629481,4019272765&fm=26&gp=0.jpg",Baidu
"https://ss2.bdstatic.com/70cFvnSh_Q1YnxGkpoWK1HF6hhy/it/u=356542275,3250177097&fm=26&gp=0.jpg",Baidu
"https://ss2.bdstatic.com/70cFvnSh_Q1YnxGkpoWK1HF6hhy/it/u=447430743,1036101389&fm=26&gp=0.jpg",Baidu
"https://ss1.bdstatic.com/70cFvXSh_Q1YnxGkpoWK1HF6hhy/it/u=1108273317,622765066&fm=26&gp=0.jpg",Baidu
"https://ss2.bdstatic.com/70cFvnSh_Q1YnxGkpoWK1HF6hhy/it/u=3020909501,308939781&fm=26&gp=0.jpg",Baidu
"https://ss1.bdstatic.com/70cFvXSh_Q1YnxGkpoWK1HF6hhy/it/u=2998762288,3392470009&fm=26&gp=0.jpg",Baidu
"https://ss3.bdstatic.com/70cFv8Sh_Q1YnxGkpoWK1HF6hhy/it/u=3212361839,16059286&fm=26&gp=0.jpg",Baidu
"https://ss1.bdstatic.com/70cFuXSh_Q1YnxGkpoWK1HF6hhy/it/u=1600652391,1812252002&fm=26&gp=0.jpg",Baidu
"https://ss1.bdstatic.com/70cFuXSh_Q1YnxGkpoWK1HF6hhy/it/u=1008460002,2435757419&fm=26&gp=0.jpg",Baidu
"https://ss0.bdstatic.com/70cFvHSh_Q1YnxGkpoWK1HF6hhy/it/u=3856362625,835063077&fm=26&gp=0.jpg",Baidu
"https://ss0.bdstatic.com/70cFuHSh_Q1YnxGkpoWK1HF6hhy/it/u=3689519811,3114728675&fm=26&gp=0.jpg",Baidu
"https://ss1.bdstatic.com/70cFvXSh_Q1YnxGkpoWK1HF6hhy/it/u=3928519669,52533864&fm=26&gp=0.jpg",Baidu
"https://ss1.bdstatic.com/70cFvXSh_Q1YnxGkpoWK1HF6hhy/it/u=3307612383,3579999062&fm=26&gp=0.jpg",Baidu
"https://ss2.bdstatic.com/70cFvnSh_Q1YnxGkpoWK1HF6hhy/it/u=1217319873,225786311&fm=26&gp=0.jpg",Baidu
"https://ss1.bdstatic.com/70cFvXSh_Q1YnxGkpoWK1HF6hhy/it/u=1697708071,2588077920&fm=26&gp=0.jpg",Baidu
"https://ss1.bdstatic.com/70cFuXSh_Q1YnxGkpoWK1HF6hhy/it/u=4161190108,1262990069&fm=26&gp=0.jpg",Baidu
"https://ss0.bdstatic.com/70cFvHSh_Q1YnxGkpoWK1HF6hhy/it/u=1433777088,2309054496&fm=26&gp=0.jpg",Baidu
"https://ss2.bdstatic.com/70cFvnSh_Q1YnxGkpoWK1HF6hhy/it/u=2650265739,3082768563&fm=26&gp=0.jpg",Baidu
"https://ss0.bdstatic.com/70cFvHSh_Q1YnxGkpoWK1HF6hhy/it/u=3880050172,2962517502&fm=26&gp=0.jpg",Baidu
"https://ss0.bdstatic.com/70cFuHSh_Q1YnxGkpoWK1HF6hhy/it/u=1450327253,395318999&fm=26&gp=0.jpg",Baidu
http://a4.att.hudong.com/68/44/20200000013920144728448869628_s.jpg,Google
http://www.ampcn.com/datainfo/picdata/showimg.asp?id=268,Google
http://nxy.sxau.edu.cn/_mediafile/nxy/2013/04/05/2wlunkbrw6.jpg,Google
http://www.1nongjing.com/uploads/allimg/171108/1876-1G10Q15440320.jpg,Google
http://www.zhongdi168.com/Upload/InPic/F3521670804F5C8B407BB2068727540E.jpg,Google
http://www.chinabaike.com/uploads/allimg/151127/1U6163618-0.jpg,Google
http://www.ebiotrade.com/imagewatermark/UploadFile/2017122214090659.JPG,Google
http://p3.pstatp.com/large/19ea0005a110c8979cbc,Google
http://a1.att.hudong.com/21/45/01100000000000144728458335857_s.jpg,Google
http://www.1988.tv/upload_map/2016nian/5/26/2016-05-26-09-23-24.jpg,Google
http://p1.pstatp.com/large/50ec000236b321801dea,Google
http://inews.gtimg.com/newsapp_match/0/2959891903/0,Google
http://image.inb123.com/image/bh/%E5%9B%BE1-31%20%E5%B0%8F%E9%BA%A6%E5%8F%B6%E9%94%88%E7%97%85%E4%B8%BA%E5%AE%B3%E5%8F%B6%E7%89%87%E5%90%8E%E6%9C%9F%E7%97%87%E7%8A%B6.jpg,Google
http://www.gszlw.net/Content/upload/image/admin/%E9%BB%98%E8%AE%A4%E7%9B%B8%E5%86%8C/20170502/20170502155703_2185.jpg,Google
http://www.chinabaike.com/uploads/allimg/151007/050S94360-0.jpg,Google
http://att.191.cn/attachment/Mon_1505/3_185887_31b879088885d86.jpg,Google
http://125.75.235.126:1517/xdnyzy/ZYKC201330-B02-%E5%86%9C%E4%BD%9C%E7%89%A9%E7%97%85%E8%99%AB%E5%AE%B3%E9%98%B2%E6%B2%BB%E6%8A%80%E6%9C%AF-%E7%BD%91%E7%BB%9C%E8%AF%BE%E7%A8%8B-%E6%88%90%E6%9E%9C/ZYKC201330-B02-%E5%86%9C%E4%BD%9C%E7%89%A9%E7%97%85%E8%99%AB%E5%AE%B3%E9%98%B2%E6%B2%BB%E6%8A%80%E6%9C%AF-%E6%99%AE%E9%80%9A%E7%BD%91%E7%BB%9C%E8%AF%BE%E7%A8%8B/scos/ZYKC201330_B02_6_2_1/images/1.jpg,Google
http://mmbiz.qpic.cn/mmbiz_png/81pcmhUzwI7FicrmORHf7pRTbBRkOO9z1WvjETciaKSKyJIIiaxlNFewiazzL6UL5KU7nlicvGkxEhMEqhWKAXibWO3Q/0?wx_fmt=gif,Google
http://www.jxrnzy.com/upfile/images/2018/11/23/15429595242310361.jpg,Google
https://inews.gtimg.com/newsapp_bt/0/3163333591/640,Google
http://www.1988.tv/upload_map/2016nian/5/11/2016-05-11-09-26-25.jpg,Google
http://www.chinabaike.com/uploads/allimg/151127/1U6162420-1.jpg,Google
"https://pic1.xuehuaimg.com/proxy/baijia/https://f12.baidu.com/it/u=2971561115,793256848&fm=175&app=25&f=JPEG?w=597&h=400&s=51ECB7E22858C7D0181FCE2F0300F05F&access=215967316",Google
http://image.qingk.cn/image/xcsjt/fc9a210161ab47acad978d75e1b93a3e.jpg,Google
http://www.3456.tv/images/2011nian/10/2015-10-08-09-23-27.jpg,Google
http://www.chnlhlh.com/uploads/allimg/150409/1-15040915561K59.jpg,Google
http://www.haonongzi.com/shop/pic/tuku/2015128170051.gif,Google
http://img.agropages.com/UserFiles/FCKFile/zkc_2016-03-17_10-45-17_302.png,Google
http://www.1988.tv/Upload_Map/2018nian/3/21/2018-03-21-10-35-55.jpg,Google
http://www.3456.tv/images/2011nian/10/2015-10-08-09-28-37.jpg,Google
https://www.xuehua.us/wp-content/uploads/2018/04/9f42cbe9.jpg,Google
http://www.haonongzi.com/pic/news/20160317151520535.jpg,Google
https://i1.kknews.cc/SIG=1i336r1/12q6000233q2q35o2q4s.jpg,Google
http://125.75.235.126:1517/xdnyzy/ZYKC201330-B02-%E5%86%9C%E4%BD%9C%E7%89%A9%E7%97%85%E8%99%AB%E5%AE%B3%E9%98%B2%E6%B2%BB%E6%8A%80%E6%9C%AF-%E7%BD%91%E7%BB%9C%E8%AF%BE%E7%A8%8B-%E6%88%90%E6%9E%9C/ZYKC201330-B02-%E5%86%9C%E4%BD%9C%E7%89%A9%E7%97%85%E8%99%AB%E5%AE%B3%E9%98%B2%E6%B2%BB%E6%8A%80%E6%9C%AF-%E6%99%AE%E9%80%9A%E7%BD%91%E7%BB%9C%E8%AF%BE%E7%A8%8B/scos/ZYKC201330_B02_6_2_1/images/20150211/14236353442855146.jpg,Google
"https://pic1.xuehuaimg.com/proxy/baijia/https://f12.baidu.com/it/u=3889106609,3097132965&fm=175&app=25&f=JPEG?w=583&h=379&s=59B32AD10E63633604B33A6403006077&access=215967316",Google
http://img.wugu.com.cn/20181015/2848/7972.jpg,Google
http://www.3456.tv/images/2018nian/8/31/2018-08-31-09-24-42.jpg,Google
http://img.18yangzhi.com/uploadfile/p/2017/12/KXkSmb.png_big.png,Google
http://img.18yangzhi.com/uploadfile/p/2017/12/yRGWl7.png_big.png,Google
http://mmbiz.qpic.cn/mmbiz_png/icVpMm4AUTvvxaB1icNuLergnNb5yWHvYDxZLYILoepRYDNPyicr9tseMMKqqI6riavjbDFg7RSicITwC5O8op1WXRQ/640?wx_fmt=png&tp=webp&wxfrom=5&wx_lazy=1,Google
http://blog.sciencenet.cn/home.php?mod=attachment&filename=gfdsfdshshd.png&id=140357,Google
http://www.cgris.net/disease/02%EF%BC%8D%E9%BA%A6%E7%B1%BB/images/0090%20%E5%B0%8F%E9%BA%A6%E6%9D%A1%E9%94%88%E7%97%85%E5%A4%8F%E5%AD%A2%E5%AD%90%E5%A0%86%E6%94%BE%E5%A4%A7.jpg,Google
http://www.fao.org/typo3temp/pics/8c3db3de90.jpg,Google
https://pic2.zhimg.com/80/v2-dd95900af7c8048773c6e920e1d25741_hd.jpg,Google
http://www.cgris.net/disease/02%EF%BC%8D%E9%BA%A6%E7%B1%BB/images/0089%20%E5%B0%8F%E9%BA%A6%E6%9D%A1%E9%94%88%E7%97%85%E5%8F%91%E7%97%85%E5%88%9D%E6%9C%9F%E5%8F%B6%E7%89%87%E4%B8%8A%E7%97%87%E7%8A%B6.jpg,Google
http://www.hbdangyang.net/news/UploadFiles_9096/201702/2017022008180428.jpg,Google
http://img3m8.ddimg.cn/13/28/22458658-1_w_3.jpg,Google
http://image.thepaper.cn/www/image/5/462/817.jpg,Google
http://a3.att.hudong.com/72/45/01100000000000144728458350405_s.jpg,Google
http://5b0988e595225.cdn.sohucs.com/images/20171028/189f0f6f0d244db6aa0ae55cea16bebd.jpeg,Google
http://www.gjfcxmw.com/uploads/180802/1-1PP2145152506.png,Google
http://topic.nong828.com/images/topic/49/200902/20090209025333.jpg,Google
http://www.gengzhongbang.com/data/attachment/portal/201609/20/020621ivvfjc688y91hr38.jpg,Google
http://158nongyao.com/public/upload_pic/ea56bbc375a4b174eacecff51dd5f4df.jpg,Google
http://zs-chem.com/uiles/2015090818114291.jpg,Google
http://mmbiz.qpic.cn/mmbiz/4VvUR63VxrtzgDsWtaFV5QuM9LMSfn8egGKnjA45MpTvniaFHh2T6rq5djmIxCskMhImWCwvBIukyVRknrApJ5g/0,Google
http://www.hyzhibao.com/uploadfile/2018/0304/20180304113525952.jpg,Google
http://mmbiz.qpic.cn/mmbiz_jpg/5vx5pXTQRS6xSU71mcia1tcEfZ0DCjP4fIMotMUxBJFkicXmQ4UxrtpeeNf2xSTAFtC5OhCiaMqibfI7xbzpvMaUicA/0?wx_fmt=jpeg,Google
http://www.foodmate.net/upimg/070712/15_145005.jpg,Google
http://inews.gtimg.com/newsapp_match/0/3003675946/0,Google
http://www.mhdsjj.com/uploadfiles/2015/09/22/5.jpg,Google
http://www.1988.tv/Upload_Map/2014nian/12/20/2014-12-20-08-49-51.jpg,Google
http://www.fao.org/typo3temp/pics/5ae63405fb.jpg,Google
http://s16.sinaimg.cn/middle/9b8c8e09tb99ca48c9f8f&690,Google
https://wheat-1252088472.picsh.myqcloud.com/2017-12-23-131809.png,Google
http://5b0988e595225.cdn.sohucs.com/images/20180215/29c932703ade4cca898094fdd0555e01.jpeg,Google
http://inews.gtimg.com/newsapp_match/0/3019987582/0,Google
http://7994753.s21i.faiusr.com/2/ABUIABACGAAg-7-jxQUoy__3ywQwgAo4wAc!700x700.jpg,Google
http://www.52hrttpic.com/image/infoImage/201808/29/D1535094555854.jpeg,Google
http://125.75.235.126:1517/xdnyzy/ZYKC201330-B02-%E5%86%9C%E4%BD%9C%E7%89%A9%E7%97%85%E8%99%AB%E5%AE%B3%E9%98%B2%E6%B2%BB%E6%8A%80%E6%9C%AF-%E7%BD%91%E7%BB%9C%E8%AF%BE%E7%A8%8B-%E6%88%90%E6%9E%9C/ZYKC201330-B02-%E5%86%9C%E4%BD%9C%E7%89%A9%E7%97%85%E8%99%AB%E5%AE%B3%E9%98%B2%E6%B2%BB%E6%8A%80%E6%9C%AF-%E6%99%AE%E9%80%9A%E7%BD%91%E7%BB%9C%E8%AF%BE%E7%A8%8B/scos/ZYKC201330_B02_6_2_1/images/20150211/14236352461918424.jpg,Google
http://www.3456.tv/images/2011nian/10/2015-10-16-09-23-58.jpg,Google
"https://pic1.xuehuaimg.com/proxy/baijia/https://f11.baidu.com/it/u=3630643141,1884922806&fm=175&app=25&f=JPEG?w=583&h=376&s=53EFE2FA42A3BCE2180D571D030040D4&access=215967316",Google
http://nykj.xn121.com/images/html/nykj/syjs/bchfz/2017/01/25/2DCAE6A614C16DF6DA9A883A25F0E530.jpg,Google
http://image.135editor.com/files/users/116/1169691/201702/8mVVSBZM_rV3j.png,Google
http://p0.qhimgs4.com/t014ac6b7da6bacb4d2.jpg,Google
http://www.56agr.com/w78editor/attached/image/20180408/20180408102436023602.jpg,Google
https://global.unitednations.entermediadb.net/assets/mediadb/services/module/asset/downloads/preset/assets/2013/03/16500/image1170x530cropped.jpg,Google
https://gss2.bdstatic.com/9fo3dSag_xI4khGkpoWK1HF6hhy/baike/w%3D268%3Bg%3D0/sign=c16e2c8dc88065387beaa315afe6c679/d01373f082025aaff672d708f9edab64024f1ab4.jpg,Google
https://amuseum.cdstm.cn/AMuseum/agricul/image/7_5_10_xiaombfb3.jpg,Google
http://p3.pstatp.com/large/1f8700040d701a87de0b,Google
http://www.jsnjx.org/ueditor/jsp/upload/image/20170710/1499653156851014430.jpg,Google
http://www.nczfj.com/UploadFiles/2014-11/184/2014111314262875901.jpg,Google
http://mmbiz.qpic.cn/mmbiz_png/eE38yytO1eBibr9gdDRqFNnYLFhBCiblW01p0PMaomF9wrAdGLkvibxzAy5BlY9IibeNeEqGPKeRjabmjCkLnlbX3w/?wx_fmt=png,Google
http://a2.att.hudong.com/10/45/01100000000000144728458424866_s.jpg,Google
http://www.mhdsjj.com/uploadfiles/2015/09/22/6.jpg,Google
http://p1.img.cctvpic.com/program/nongguangtd/20110308/images/1299562985478_1299562985478_r.jpg,Google
http://p99.pstatp.com/large/50ed000239b34df4b1e3,Google
http://s12.sinaimg.cn/original/001Wo7ohzy72bxtuxcffb&690,Google
http://www.3456.tv/images/2011nian/10/2015-10-16-09-23-36.jpg,Google
http://image.inb123.com/image/bh/%E5%9B%BE1-27%20%E5%B0%8F%E9%BA%A6%E5%8F%B6%E9%94%88%E7%97%85%E4%B8%BA%E5%AE%B3%E6%83%85%E5%86%B5.jpg?imageView2/1/w/200/h/200,Google
http://sydneyuniversity.cn/wp-content/uploads/2018/09/Wheat_stripe_rust_credit_Jianping_Zhang-1170x375.jpg,Google
http://www.fao.org/typo3temp/pics/48e3add832.jpg,Google
http://www.myagri.gov.cn/UploadFiles/2015-01/admin/2015011510013299756.jpg,Google
http://p0.qhimgs4.com/t018bf728ff1176a23a.jpg,Google
http://www.nz99.net/Upload/Product/2014320174518609.jpg,Google
http://baike.ipa361.com/uploads/201605/1464055447ViWKYk0z.jpg,Google
http://www.ycnxy.com:8080/uploadfile/2018/0621/20180621060742367.jpg,Google
https://gss0.baidu.com/-Po3dSag_xI4khGko9WTAnF6hhy/zhidao/pic/item/b90e7bec54e736d124c9d6dd9c504fc2d4626908.jpg,Google
http://img3m8.ddimg.cn/13/28/22458658-1_u_3.jpg,Google
http://p9.pstatp.com/origin/21320002a5ae562bf148,Google
